#Organism/Name,TaxID,BioProject Accession,BioProject ID,Group,SubGroup,Size (Mb),GC%,Assembly Accession,Replicons,WGS,Scaffolds,Genes,Proteins,Release Date,Modify Date,Status,Center,BioSample Accession
Chironomus riparius,315576,PRJEB47883,849090,Animals,Insects,191.837,30.7275,GCA_917627325.4,chromosome 1:OU895877.1; chromosome 2:OU895878.1; chromosome 3:OU895879.1; chromosome 4:OU895880.1,CAKJTK04,14,15185,16522,2022/06/14,2022/10/18,Chromosome,ROTHAMSTED RESEARCH,SAMEA10256955
Chironomus tentans,7153,PRJEB67690,1030878,Animals,Insects,185.489,30.9201,GCA_963573255.1,chromosome 1:OY754302.1; chromosome 2:OY754303.1; chromosome 3:OY754304.1; chromosome 4:OY754305.1; mitochondrion MT:OY754306.1,CAUYRA01,9,NA,NA,2023/10/27,2023/10/28,Chromosome,WELLCOME SANGER INSTITUTE,SAMEA10107053
Polypedilum pembai,1871131,PRJNA662005,662005,Animals,Insects,122.916,28.5,GCA_014622435.1,NA,JACWBX01,4662,NA,NA,2020/09/17,2020/09/17,Scaffold,Kazan (Volga region) Federal University,SAMN16072875
Polypedilum vanderplanki,319348,PRJNA660906,660906,Animals,Insects,118.969,28.1591,GCA_018290095.1,chromosome 1:CM031379.1; chromosome 2:CM031380.1; chromosome 3:CM031381.1; chromosome 4:CM031382.1,JADBJN01,387,17863,19128,2021/05/06,2021/05/13,Chromosome,National Agriculture and Food Research Organization,SAMN15963333
Belgica antarctica,315563,PRJNA172148,172148,Animals,Insects,89.5837,38.8,GCA_000775305.1,NA,JPYR01,4997,NA,NA,2014/09/03,2014/09/03,Scaffold,Stanford University,SAMN02950991
Propsilocerus akamusi,903466,PRJNA698390,698390,Animals,Insects,85.8369,33.7791,GCA_018397935.1,chromosome 1:CM031468.1; chromosome 2:CM031469.1; chromosome 3:CM031470.1; chromosome 4:CM031471.1,JAFFZY01,112,NA,NA,2021/05/18,2021/05/18,Chromosome,Tianjin Normal University,SAMN17717341
Clunio marinus,568069,PRJEB8339,354851,Animals,Insects,85.4914,31.4,GCA_900005825.1,NA,CVRI01,23763,21712,22620,2016/11/24,2016/11/24,Scaffold,MAX F. PERUTZ LABORATORIES,SAMEA3334632
Smittia aterrima,611654,PRJNA809421,809421,Animals,Insects,78.4539,36.9205,GCA_033063855.1,chromosome 1:CP093829.1; chromosome 2:CP093830.1; chromosome 3:CP093831.1,NA,3,NA,NA,2023/10/26,2023/10/26,Chromosome,Huanggang Normal University,SAMN26179657
Smittia sp. YW1114-2,2925353,PRJNA809421,809421,Animals,Insects,71.5588,41.7,GCA_033064975.1,chromosome 1:CP093832.1; chromosome 2:CP093833.1; chromosome 3:CP093834.1,NA,3,NA,NA,2023/10/26,2023/10/26,Chromosome,Huanggang Normal University,SAMN26179658
