#Organism/Name,Kingdom,Group,SubGroup,Plasmid Name,RefSeq,INSDC,Size (Kb),GC%,Protein,rRNA,tRNA,Other RNA,Gene,Pseudogene
Pseudomonas aeruginosa,Bacteria,Pseudomonadota,Gammaproteobacteria,p1012,NA,JARDUM000000000.1,7076,65.7999,6443,12,64,NA,6619,176
Pseudomonas aeruginosa,Bacteria,Pseudomonadota,Gammaproteobacteria,p1167,NA,JARDUO000000000.1,7071,65.804,6435,12,64,NA,6613,178
Pseudomonas silesiensis,Bacteria,Pseudomonadota,Gammaproteobacteria,pPL1,NA,CP143488.1,1168.07,53.2545,1373,NA,40,1,1422,NA
Pseudomonas serbica,Bacteria,Pseudomonadota,Gammaproteobacteria,unnamed1,NZ_JAQIYM010000090.1,NA,1059.47,53.6914,1267,NA,43,1,1318,7
Pseudomonas amygdali pv. lachrymans str. M301315,Bacteria,Pseudomonadota,Gammaproteobacteria,pMPPla107,NZ_CP031226.1,CP031226,971.889,52.8363,1028,NA,54,1,1089,6
Pseudomonas silvicola,Bacteria,Pseudomonadota,Gammaproteobacteria,p1,NA,CP093281.1,952.764,53.0322,643,NA,NA,NA,1188,545
Pseudomonas aeruginosa,Bacteria,Pseudomonadota,Gammaproteobacteria,unnamed,NZ_CP056102.1,CP056102,923.214,65.3276,865,3,10,1,896,17
Pseudomonas sp. FeN3W,Bacteria,Pseudomonadota,Gammaproteobacteria,unnamed,NA,CP136011.1,909.734,47.7992,905,NA,54,1,971,NA
Pseudomonas sp. Leaf58,Bacteria,Pseudomonadota,Gammaproteobacteria,pBASL58,NZ_CP032678.1,CP032678,904.163,55.4126,954,NA,41,1,1006,10
Pseudomonas aeruginosa,Bacteria,Pseudomonadota,Gammaproteobacteria,p2014S05-249-1,NZ_CP131792.1,CP131792,846.886,65.2753,840,NA,7,1,864,16
Pseudomonas putida,Bacteria,Pseudomonadota,Gammaproteobacteria,pNY5709-IMP,NZ_MN961670.1,MN961670,636.818,56.163,658,NA,1,NA,680,21
Pseudomonas putida,Bacteria,Pseudomonadota,Gammaproteobacteria,pZXPA-20-602k,NZ_CP061724.1,CP061724,602.772,56.0877,638,NA,NA,NA,661,22
Pseudomonas fulva,Bacteria,Pseudomonadota,Gammaproteobacteria,pVIM-24-ZDHY414,NZ_CP064948.1,CP064948,589.46,55.9716,618,NA,NA,NA,642,24
Pseudomonas luteola,Bacteria,Pseudomonadota,Gammaproteobacteria,unnamed1,NZ_CP044084.1,CP044084,585.976,54.9487,574,NA,NA,NA,605,31
Pseudomonas fulva,Bacteria,Pseudomonadota,Gammaproteobacteria,pVIM-24-ZDHY316,NZ_CP064945.1,CP064945,585.396,55.9216,611,NA,NA,NA,636,25
Pseudomonas aeruginosa,Bacteria,Pseudomonadota,Gammaproteobacteria,unnamed1,NZ_CP104696.1,CP104696,585.023,66.056,531,NA,11,NA,548,NA
Pseudomonas putida S12,Bacteria,Pseudomonadota,Gammaproteobacteria,pTTS12,NZ_CP009975.1,CP009975,583.9,57.8508,619,NA,NA,NA,636,17
Pseudomonas fulva,Bacteria,Pseudomonadota,Gammaproteobacteria,pNY5939-OXA,NZ_CP161880.1,CP161880,577.808,55.9741,608,NA,NA,NA,631,NA
Pseudomonas aeruginosa,Bacteria,Pseudomonadota,Gammaproteobacteria,RW109 plasmid 1,NA,LT969519.1,555.265,58.0933,589,NA,1,NA,590,NA
Pseudomonas aeruginosa,Bacteria,Pseudomonadota,Gammaproteobacteria,unnamed1,NA,CP124659.1,526.642,57.4738,570,NA,NA,NA,587,NA
Pseudomonas aeruginosa,Bacteria,Pseudomonadota,Gammaproteobacteria,pBJ86,NZ_CP133756.1,CP133756,522.477,56.6197,565,NA,NA,NA,577,NA
Pseudomonas aeruginosa,Bacteria,Pseudomonadota,Gammaproteobacteria,pAFM-PA19-3158,NA,CP140112.1,518.222,56.5343,567,NA,NA,NA,601,NA
Pseudomonas aeruginosa,Bacteria,Pseudomonadota,Gammaproteobacteria,pPA272,NA,CP129405.1,517.764,57.2869,NA,NA,NA,NA,NA,NA
Pseudomonas kurunegalensis,Bacteria,Pseudomonadota,Gammaproteobacteria,unnamed1,NZ_CP156902.1,CP156902,516.859,56.5504,538,NA,NA,NA,572,NA
Pseudomonas rhodesiae,Bacteria,Pseudomonadota,Gammaproteobacteria,unnamed,NA,CP125985.1,514.92,0,577,NA,NA,NA,579,NA
Pseudomonas aeruginosa,Bacteria,Pseudomonadota,Gammaproteobacteria,pPAG5,NZ_CP045003.1,CP045003,513.322,56.3091,549,NA,NA,NA,580,31
Pseudomonas aeruginosa,Bacteria,Pseudomonadota,Gammaproteobacteria,unnamed1,NZ_CP056096.1,CP056096,510.959,56.8768,567,NA,NA,NA,588,21
Pseudomonas aeruginosa,Bacteria,Pseudomonadota,Gammaproteobacteria,pPA942-IMP45,NA,CP129201.1,506.353,56.1059,569,NA,NA,NA,597,NA
Pseudomonas putida,Bacteria,Pseudomonadota,Gammaproteobacteria,unnamed1,NZ_CP047312.1,CP047312,504.084,56.2867,561,NA,NA,NA,580,19
Pseudomonas aeruginosa,Bacteria,Pseudomonadota,Gammaproteobacteria,p3860P,NZ_CP151176.1,CP151176,501.042,56.5194,532,NA,NA,NA,554,22
Pseudomonas aeruginosa PA96,Bacteria,Pseudomonadota,Gammaproteobacteria,pOZ176,NC_022344.1,KC543497,500.839,57.598,552,NA,NA,NA,574,22
Pseudomonas aeruginosa,Bacteria,Pseudomonadota,Gammaproteobacteria,pSRMPA3860,NA,CP132994.1,498.409,56.4751,530,NA,NA,NA,552,NA
Pseudomonas juntendi,Bacteria,Pseudomonadota,Gammaproteobacteria,pHNGDW697-1,NA,CP118678.1,496.468,55.8264,525,NA,NA,NA,539,NA
Pseudomonas aeruginosa,Bacteria,Pseudomonadota,Gammaproteobacteria,unnamed,NZ_CP095921.1,CP095921,495.621,56.4375,525,NA,NA,NA,547,22
Pseudomonas fulva,Bacteria,Pseudomonadota,Gammaproteobacteria,pNY4814-IMP,NZ_CP160621.1,CP160621,492.744,56.6517,545,NA,NA,NA,568,NA
Pseudomonas kurunegalensis,Bacteria,Pseudomonadota,Gammaproteobacteria,pNY4817-IMP,NZ_CP131922.1,CP131922,492.744,56.6517,540,NA,NA,NA,563,23
Pseudomonas aeruginosa,Bacteria,Pseudomonadota,Gammaproteobacteria,pHS17-127,NZ_CP061377.1,CP061377,486.963,56.2683,535,NA,NA,NA,565,30
Pseudomonas putida,Bacteria,Pseudomonadota,Gammaproteobacteria,pKF715A,NZ_AP015030.1,AP015030,483.376,57.3665,536,NA,NA,NA,557,21
Pseudomonas sp. NY11382,Bacteria,Pseudomonadota,Gammaproteobacteria,pNY11382-IMP,NA,CP097104.1,480.951,56.5602,504,NA,NA,NA,514,NA
Pseudomonas aeruginosa,Bacteria,Pseudomonadota,Gammaproteobacteria,pSE5419-2,NZ_CP081348.1,CP081348,478.017,57.2534,533,NA,NA,NA,555,22
Pseudomonas aeruginosa,Bacteria,Pseudomonadota,Gammaproteobacteria,pPA1609-475,NZ_CP090650.1,CP090650,475.129,56.7437,514,NA,NA,NA,529,15
Pseudomonas aeruginosa,Bacteria,Pseudomonadota,Gammaproteobacteria,unnamed1,NZ_CP081203.1,CP081203,475.028,57.1773,544,NA,NA,NA,567,23
Pseudomonas aeruginosa,Bacteria,Pseudomonadota,Gammaproteobacteria,pCF39S,NZ_CP045917.1,CP045917,468.631,56.6333,524,NA,NA,NA,534,10
Pseudomonas koreensis,Bacteria,Pseudomonadota,Gammaproteobacteria,p1,NA,CP027478.1,467.568,55.9705,517,NA,NA,NA,553,36
Pseudomonas aeruginosa,Bacteria,Pseudomonadota,Gammaproteobacteria,pNDTH9845,NZ_CP073081.1,CP073081,463.517,56.8178,514,NA,NA,NA,536,22
Pseudomonas aeruginosa,Bacteria,Pseudomonadota,Gammaproteobacteria,pHS18-89,NA,CP084322.1,463.412,56.8168,519,NA,NA,NA,539,NA
Pseudomonas aeruginosa,Bacteria,Pseudomonadota,Gammaproteobacteria,pWTJH36,NZ_CP104591.1,CP104591,462.066,56.4567,509,NA,NA,NA,524,NA
Pseudomonas aeruginosa,Bacteria,Pseudomonadota,Gammaproteobacteria,p2014S09-209-1,NZ_CP131786.1,CP131786,461.212,57.1616,513,NA,NA,NA,525,12
Pseudomonas sp. NY8896,Bacteria,Pseudomonadota,Gammaproteobacteria,pNY8896-DIM,NZ_CP132351.1,CP132351,456.648,56.3149,500,NA,NA,NA,511,NA
Pseudomonas asiatica,Bacteria,Pseudomonadota,Gammaproteobacteria,pMD9A,NZ_CP101701.1,CP101701,455.169,56.4562,507,NA,NA,NA,531,24
Pseudomonas aeruginosa,Bacteria,Pseudomonadota,Gammaproteobacteria,pPA30_1,NZ_CP104871.1,CP104871,453.25,56.2447,501,NA,NA,NA,526,25
Pseudomonas aeruginosa,Bacteria,Pseudomonadota,Gammaproteobacteria,pZYPA187,NA,CP133754.1,452.564,57.4186,515,NA,NA,NA,526,NA
Pseudomonas fulva,Bacteria,Pseudomonadota,Gammaproteobacteria,pNY5087-IMP,NZ_CP132348.1,CP132348,450.033,56.3443,501,NA,NA,NA,526,NA
Pseudomonas aeruginosa,Bacteria,Pseudomonadota,Gammaproteobacteria,pPA3117_1,NZ_CP159842.1,CP159842,449.377,56.3189,502,NA,NA,NA,523,NA
Pseudomonas aeruginosa,Bacteria,Pseudomonadota,Gammaproteobacteria,ppae01,NA,CP133095.1,448.61,56.1229,502,NA,NA,NA,515,NA
Pseudomonas amygdali pv. lachrymans,Bacteria,Pseudomonadota,Gammaproteobacteria,pPlaYM7902A,NA,CP127046.1,445.381,52.8709,482,NA,NA,NA,484,NA
Pseudomonas aeruginosa,Bacteria,Pseudomonadota,Gammaproteobacteria,pBT2101,NZ_CP039991.1,CP039991,439.744,56.9816,497,NA,NA,NA,516,19
Pseudomonas paraeruginosa,Bacteria,Pseudomonadota,Gammaproteobacteria,unnamed2,NZ_CP027170.1,CP027170,438.531,57.1435,503,NA,NA,NA,514,13
Pseudomonas paraeruginosa,Bacteria,Pseudomonadota,Gammaproteobacteria,unnamed3,NZ_CP029094.1,CP029094,438.529,57.1426,506,NA,NA,NA,516,13
Pseudomonas aeruginosa,Bacteria,Pseudomonadota,Gammaproteobacteria,unnamed1,NZ_JAEVLV010000005.1,NA,437.632,57.1629,515,NA,NA,NA,525,10
Pseudomonas aeruginosa,Bacteria,Pseudomonadota,Gammaproteobacteria,unnamed2,NZ_CP029096.1,CP029096,437.392,56.8778,489,NA,NA,NA,502,13
Pseudomonas aeruginosa,Bacteria,Pseudomonadota,Gammaproteobacteria,unnamed,NZ_CP093017.1,CP093017,436.805,57.9533,483,NA,NA,NA,490,7
Pseudomonas aeruginosa,Bacteria,Pseudomonadota,Gammaproteobacteria,pTJPa150,NZ_CP094678.1,CP094678,436.716,56.8523,487,NA,NA,NA,502,NA
Pseudomonas aeruginosa,Bacteria,Pseudomonadota,Gammaproteobacteria,pWTJH17,NZ_CP073083.1,CP073083,436.486,56.3484,487,NA,NA,NA,505,18
Pseudomonas aeruginosa,Bacteria,Pseudomonadota,Gammaproteobacteria,pHN232-MDR,NZ_CP151544.1,CP151544,433.528,56.5237,490,NA,NA,NA,503,13
Pseudomonas aeruginosa,Bacteria,Pseudomonadota,Gammaproteobacteria,pNF143349,NZ_CP114762.1,CP114762,432.403,56.5771,489,NA,NA,NA,503,NA
Pseudomonas aeruginosa,Bacteria,Pseudomonadota,Gammaproteobacteria,pPA1045-1,NA,CP129995.1,432.097,56.6472,NA,NA,NA,NA,NA,NA
Pseudomonas aeruginosa,Bacteria,Pseudomonadota,Gammaproteobacteria,pA,NA,CP136599.1,429.722,56.9815,469,NA,NA,NA,469,NA
Pseudomonas aeruginosa,Bacteria,Pseudomonadota,Gammaproteobacteria,pPA64-1,NZ_CP159838.1,CP159838,426.741,56.3665,481,NA,NA,NA,495,NA
Pseudomonas aeruginosa,Bacteria,Pseudomonadota,Gammaproteobacteria,pWTJH6,NZ_CP104587.1,CP104587,426.499,56.5134,467,NA,NA,NA,481,NA
Pseudomonas [fluorescens] SBW25,Bacteria,Pseudomonadota,Gammaproteobacteria,pQBR103,NA,AM235768.1,425.094,53.1522,474,NA,NA,NA,478,4
Pseudomonas nitroreducens,Bacteria,Pseudomonadota,Gammaproteobacteria,pPniHBP1_1,NZ_CP049142.1,CP049142,425.042,58.5225,451,NA,NA,NA,464,13
Pseudomonas aeruginosa,Bacteria,Pseudomonadota,Gammaproteobacteria,pBM413,NZ_CP016215.1,CP016215,423.017,56.4067,475,NA,NA,NA,491,16
Pseudomonas aeruginosa,Bacteria,Pseudomonadota,Gammaproteobacteria,pP9Me1,NZ_CP118639.1,CP118639,422.938,57.0925,492,NA,NA,NA,497,NA
Pseudomonas aeruginosa,Bacteria,Pseudomonadota,Gammaproteobacteria,pBT2436,NZ_CP039989.1,CP039989,422.811,56.8755,476,NA,NA,NA,488,12
Pseudomonas aeruginosa,Bacteria,Pseudomonadota,Gammaproteobacteria,pPWIS1,NZ_CM017760.1,CM017760,419.683,56.9659,477,NA,NA,NA,483,6
Pseudomonas aeruginosa,Bacteria,Pseudomonadota,Gammaproteobacteria,unnamed1,NA,CP110191.1,416.612,56.5445,480,NA,NA,NA,489,NA
Pseudomonas aeruginosa,Bacteria,Pseudomonadota,Gammaproteobacteria,pPABL048,NZ_CP039294.1,CP039294,414.954,56.5819,479,NA,NA,NA,486,7
Pseudomonas aeruginosa,Bacteria,Pseudomonadota,Gammaproteobacteria,pNY7736-1,NA,CP131615.1,413.844,56.0764,447,NA,NA,NA,471,NA
Pseudomonas aeruginosa,Bacteria,Pseudomonadota,Gammaproteobacteria,pKB-PA_F19-4,NZ_CP086014.1,CP086014,412.187,56.2674,466,NA,NA,NA,475,9
Pseudomonas mandelii JR-1,Bacteria,Pseudomonadota,Gammaproteobacteria,unnamed,NZ_CP005961.1,CP005961,410.512,55.0841,377,NA,NA,NA,417,40
Pseudomonas aeruginosa,Bacteria,Pseudomonadota,Gammaproteobacteria,pZYPA162,NZ_CP132998.2,CP132998,409.129,57.1641,430,NA,NA,NA,452,22
Pseudomonas aeruginosa,Bacteria,Pseudomonadota,Gammaproteobacteria,pHN148-MDR,NZ_CP151648.1,CP151648,406.808,56.7828,466,NA,NA,NA,476,10
Pseudomonas aeruginosa,Bacteria,Pseudomonadota,Gammaproteobacteria,p2014S05-249-2,NZ_CP131793.1,CP131793,405.567,56.8947,460,NA,NA,NA,464,4
Pseudomonas putida,Bacteria,Pseudomonadota,Gammaproteobacteria,pNY11286-DIM,NZ_CP138358.1,CP138358,404.664,56.5889,458,NA,NA,NA,462,NA
Pseudomonas aeruginosa,Bacteria,Pseudomonadota,Gammaproteobacteria,unnamed1,NZ_CP017294.1,CP017294,398.087,59.3712,426,NA,NA,NA,438,12
Pseudomonas aeruginosa,Bacteria,Pseudomonadota,Gammaproteobacteria,pZPPH29-KPC,NZ_CP077978.1,CP077978,397.554,56.5777,463,NA,NA,NA,471,8
Pseudomonas aeruginosa,Bacteria,Pseudomonadota,Gammaproteobacteria,pWTJH12-KPC,NZ_CP064404.1,CP064404,396.963,56.5881,463,NA,NA,NA,470,7
Pseudomonas aeruginosa,Bacteria,Pseudomonadota,Gammaproteobacteria,pBM908,NZ_CP040126.1,CP040126,395.774,56.8643,458,NA,NA,NA,463,5
Pseudomonas sp. CIP-10,Bacteria,Pseudomonadota,Gammaproteobacteria,unnamed1,NZ_CP087161.1,CP087161,395.258,56.3771,415,NA,NA,NA,428,13
Pseudomonas aeruginosa,Bacteria,Pseudomonadota,Gammaproteobacteria,pLHL37-KPC-3,NZ_JAMWBM010000002.1,NA,394.987,56.5692,459,NA,NA,NA,469,NA
Pseudomonas sp. XWY-1,Bacteria,Pseudomonadota,Gammaproteobacteria,pXWY,NZ_CP026333.1,CP026333,394.537,56.2779,391,NA,NA,NA,415,24
Pseudomonas aeruginosa,Bacteria,Pseudomonadota,Gammaproteobacteria,pSRPA1308,NZ_CP158571.1,CP158571,394.374,56.5803,464,NA,NA,NA,471,7
Pseudomonas aeruginosa,Bacteria,Pseudomonadota,Gammaproteobacteria,pL4884,NA,CP160408.1,394.108,56.583,465,NA,NA,NA,473,NA
Pseudomonas aeruginosa,Bacteria,Pseudomonadota,Gammaproteobacteria,pNDTH10366-KPC,NZ_CP064402.1,CP064402,392.244,57.0334,448,NA,NA,NA,464,16
Pseudomonas putida,Bacteria,Pseudomonadota,Gammaproteobacteria,unnamed2,NZ_CP047313.1,CP047313,388.915,56.0961,372,NA,NA,NA,386,14
Pseudomonas cannabina pv. alisalensis,Bacteria,Pseudomonadota,Gammaproteobacteria,pPma4326F,NZ_CP084324.1,CP084324,387.26,52.7269,402,NA,NA,NA,407,5
Pseudomonas syringae pv. maculicola str. ES4326,Bacteria,Pseudomonadota,Gammaproteobacteria,pPma4326F,NZ_CP047261.1,CP047261,387.26,52.7269,401,NA,NA,NA,406,5
Pseudomonas sp. HD6515,Bacteria,Pseudomonadota,Gammaproteobacteria,pHD6515-VIM,NZ_CP079828.1,CP079828,375.255,56.8616,392,NA,NA,NA,413,NA
Pseudomonas veronii 1YdBTEX2,Bacteria,Pseudomonadota,Gammaproteobacteria,PVE_plasmid,NA,LT599585.1,373.858,54.5448,384,NA,NA,NA,392,NA
Pseudomonas frederiksbergensis,Bacteria,Pseudomonadota,Gammaproteobacteria,unnamed1,NZ_CP017887.1,CP017887,371.069,54.9747,315,NA,NA,NA,356,41
Pseudomonas citronellolis,Bacteria,Pseudomonadota,Gammaproteobacteria,pRBL16,NZ_CP015879.1,CP015879,370.338,56.574,438,NA,NA,NA,442,4
Pseudomonas synxantha,Bacteria,Pseudomonadota,Gammaproteobacteria,unnamed,NA,CP074079.1,345.085,33.3981,101,NA,NA,NA,276,175
Pseudomonas sp. 4810-S13,Bacteria,Pseudomonadota,Gammaproteobacteria,p1,NZ_CP146204.1,CP146204,344.683,52.418,335,NA,NA,NA,352,17
Pseudomonas aeruginosa,Bacteria,Pseudomonadota,Gammaproteobacteria,pF061_2,NZ_CP115217.1,CP115217,343.454,57.231,365,NA,NA,NA,372,NA
Pseudomonas sp. p1(2021b),Bacteria,Pseudomonadota,Gammaproteobacteria,unnamed,NZ_CP083747.1,CP083747,337.874,57.4433,353,NA,NA,NA,378,25
Pseudomonas aeruginosa,Bacteria,Pseudomonadota,Gammaproteobacteria,pNY8709-IMP,NA,CP096823.1,335.2,57.4162,383,NA,NA,NA,394,11
Pseudomonas sp. MPC6,Bacteria,Pseudomonadota,Gammaproteobacteria,pMPC6-328K,NZ_CP034782.1,CP034782,328.214,55.4014,281,NA,NA,NA,320,39
Pseudomonas alcaligenes,Bacteria,Pseudomonadota,Gammaproteobacteria,pMRCP2,NZ_AP025274.1,AP025274,323.125,58.3263,373,NA,NA,NA,378,5
Pseudomonas aeruginosa,Bacteria,Pseudomonadota,Gammaproteobacteria,pZYPA192,NA,CP132996.1,322.697,57.506,354,NA,NA,NA,368,NA
Pseudomonas sp. VLB120,Bacteria,Pseudomonadota,Gammaproteobacteria,pSTY,NC_022739.1,CP003962,321.653,56.768,364,NA,NA,NA,368,4
Pseudomonas aeruginosa,Bacteria,Pseudomonadota,Gammaproteobacteria,p1,NZ_CP083367.1,CP083367,318.215,56.6322,383,NA,NA,NA,391,8
Pseudomonas aeruginosa,Bacteria,Pseudomonadota,Gammaproteobacteria,unnamed1,NZ_CP018048.1,CP018048,317.349,56.9376,388,NA,NA,NA,389,1
Pseudomonas kurunegalensis,Bacteria,Pseudomonadota,Gammaproteobacteria,unnamed2,NZ_CP156903.1,CP156903,311.425,56.1076,316,NA,NA,NA,338,NA
Pseudomonas sp. BYT-5,Bacteria,Pseudomonadota,Gammaproteobacteria,pBYT5-1,NZ_CP097490.1,CP097490,301.296,56.8979,296,NA,NA,NA,323,27
Pseudomonas sp. P108,Bacteria,Pseudomonadota,Gammaproteobacteria,unnamed,NA,CP126692.1,300.56,53.8086,338,NA,NA,NA,339,NA
Pseudomonas koreensis,Bacteria,Pseudomonadota,Gammaproteobacteria,p2,NA,CP027479.1,300.131,54.1667,270,NA,NA,NA,302,32
Pseudomonas brassicacearum,Bacteria,Pseudomonadota,Gammaproteobacteria,unnamed,NZ_CP125962.1,CP125962,299.955,53.8627,340,NA,NA,NA,340,NA
Pseudomonas aeruginosa,Bacteria,Pseudomonadota,Gammaproteobacteria,p4782_002,NA,OX638702.1,290.802,56.9467,317,NA,NA,NA,319,2
Pseudomonas koreensis,Bacteria,Pseudomonadota,Gammaproteobacteria,p3,NA,CP027480.1,283.378,52.7694,275,NA,NA,NA,317,42
Pseudomonas aeruginosa,Bacteria,Pseudomonadota,Gammaproteobacteria,pF007,NZ_CP115286.1,CP115286,282.569,57.6882,340,NA,NA,NA,345,NA
Pseudomonas aeruginosa,Bacteria,Pseudomonadota,Gammaproteobacteria,p382,NZ_CP115292.1,CP115292,278.241,57.4308,338,NA,NA,NA,343,NA
Pseudomonas putida,Bacteria,Pseudomonadota,Gammaproteobacteria,pKF715B,NZ_AP015031.1,AP015031,276.165,56.1675,283,NA,NA,NA,294,11
Pseudomonas aeruginosa,Bacteria,Pseudomonadota,Gammaproteobacteria,unnamed,NZ_CP095924.1,CP095924,275.369,56.4138,313,NA,NA,NA,325,12
Pseudomonas veronii,Bacteria,Pseudomonadota,Gammaproteobacteria,unnamed2,NZ_CP142043.1,CP142043,275.089,56.2847,256,NA,NA,NA,294,NA
Pseudomonas sp. BYT-1,Bacteria,Pseudomonadota,Gammaproteobacteria,pBYT1-1,NZ_CP072560.1,CP072560,267.513,57.4649,272,NA,NA,NA,295,23
Pseudomonas mendocina S5.2,Bacteria,Pseudomonadota,Gammaproteobacteria,pPME5,NZ_CP013125.1,CP013125,252.328,55.6121,309,NA,4,NA,315,2
Pseudomonas hygromyciniae,Bacteria,Pseudomonadota,Gammaproteobacteria,pSDM007,NZ_CP070507.1,CP070507,249.868,55.3116,258,NA,NA,NA,274,16
Pseudomonas oryzihabitans,Bacteria,Pseudomonadota,Gammaproteobacteria,unnamed1,NZ_CP102429.1,CP102429,245.277,59.7916,246,NA,NA,NA,257,11
Pseudomonas aeruginosa,Bacteria,Pseudomonadota,Gammaproteobacteria,unnamed1,NZ_CP081478.1,CP081478,232.884,57.0748,277,NA,NA,NA,291,14
Pseudomonas aeruginosa,Bacteria,Pseudomonadota,Gammaproteobacteria,pF076,NZ_CP115197.1,CP115197,229.611,58.2516,237,NA,NA,NA,248,NA
Pseudomonas aeruginosa,Bacteria,Pseudomonadota,Gammaproteobacteria,pPALA50,NA,CP111035.1,222.021,57.7013,236,NA,NA,NA,236,NA
Pseudomonas sp. 7-41,Bacteria,Pseudomonadota,Gammaproteobacteria,pCP7-41,NZ_CP089552.1,CP089552,205.959,54.3681,204,NA,NA,NA,228,24
Pseudomonas aeruginosa,Bacteria,Pseudomonadota,Gammaproteobacteria,pF068,NZ_CP115206.1,CP115206,203.687,59.2767,236,NA,NA,NA,243,NA
Pseudomonas sp. CFA,Bacteria,Pseudomonadota,Gammaproteobacteria,unnamed1,NZ_CP044547.1,CP044547,201.121,55.2473,238,NA,NA,NA,242,3
Pseudomonas shirazica,Bacteria,Pseudomonadota,Gammaproteobacteria,unnamed,NZ_CP063457.1,CP063457,199.972,56.3559,212,NA,NA,NA,221,9
Pseudomonas aeruginosa,Bacteria,Pseudomonadota,Gammaproteobacteria,pF051,NZ_CP115230.1,CP115230,199.812,56.6888,268,NA,NA,NA,270,NA
Pseudomonas resinovorans NBRC 106553,Bacteria,Pseudomonadota,Gammaproteobacteria,pCAR1.3,NC_021506.1,AP013069,198.965,56.3773,206,NA,NA,NA,215,9
Pseudomonas veronii,Bacteria,Pseudomonadota,Gammaproteobacteria,unnamed,NZ_CP039632.3,CP039632,194.607,59.6808,177,NA,NA,NA,211,34
Pseudomonas sp. GXZC,Bacteria,Pseudomonadota,Gammaproteobacteria,unnamed,NZ_CP114116.1,CP114116,194.126,54.2787,224,NA,NA,NA,226,NA
Pseudomonas aeruginosa,Bacteria,Pseudomonadota,Gammaproteobacteria,pF023,NZ_CP115264.1,CP115264,193.501,58.8085,227,NA,NA,NA,229,NA
Pseudomonas aeruginosa,Bacteria,Pseudomonadota,Gammaproteobacteria,pF045_1,NZ_CP115240.1,CP115240,192.539,56.7802,185,NA,NA,NA,196,NA
Pseudomonas veronii,Bacteria,Pseudomonadota,Gammaproteobacteria,unnamed1,NZ_CP142042.1,CP142042,189.505,56.2492,176,NA,6,NA,212,NA
Pseudomonas aeruginosa,Bacteria,Pseudomonadota,Gammaproteobacteria,pIHMA87,NZ_CP041355.1,CP041355,185.168,59.3385,216,NA,NA,NA,221,5
Pseudomonas oryzihabitans,Bacteria,Pseudomonadota,Gammaproteobacteria,unnamed2,NZ_CP044073.1,CP044073,183.433,60.9073,156,NA,NA,NA,162,6
Pseudomonas amygdali pv. aesculi,Bacteria,Pseudomonadota,Gammaproteobacteria,pCOR2203,NZ_CP123216.1,CP123216,181.117,57.1421,165,NA,NA,NA,196,NA
Pseudomonas aeruginosa,Bacteria,Pseudomonadota,Gammaproteobacteria,pZYPA1927,NA,CP133752.1,179.608,65.8061,191,NA,NA,NA,195,NA
Pseudomonas aeruginosa,Bacteria,Pseudomonadota,Gammaproteobacteria,p3541_1,NA,OX638611.1,179.283,59.5143,209,NA,NA,NA,210,1
Pseudomonas aeruginosa,Bacteria,Pseudomonadota,Gammaproteobacteria,p3796A,NA,OX638565.1,178.483,59.581,205,NA,NA,NA,206,1
Pseudomonas aeruginosa,Bacteria,Pseudomonadota,Gammaproteobacteria,pF061_1,NZ_CP115216.1,CP115216,178.059,57.2176,166,NA,NA,NA,177,NA
Pseudomonas aeruginosa,Bacteria,Pseudomonadota,Gammaproteobacteria,pPALA54,NA,CP111033.1,177.374,59.5939,202,NA,NA,NA,202,NA
Pseudomonas aeruginosa,Bacteria,Pseudomonadota,Gammaproteobacteria,pPALA38,NA,CP111031.1,177.374,59.5944,202,NA,NA,NA,202,NA
Pseudomonas aeruginosa,Bacteria,Pseudomonadota,Gammaproteobacteria,pPAC1.3a,NA,CP097558.1,177.192,59.5603,212,NA,NA,NA,217,NA
Pseudomonas aeruginosa,Bacteria,Pseudomonadota,Gammaproteobacteria,pF011,NZ_CP115279.1,CP115279,175.812,59.2735,206,NA,NA,NA,209,NA
Pseudomonas aeruginosa,Bacteria,Pseudomonadota,Gammaproteobacteria,p34Pae36,NZ_CP095771.1,CP095771,174.56,59.1344,196,NA,NA,NA,199,3
Pseudomonas sp. 4810-S13,Bacteria,Pseudomonadota,Gammaproteobacteria,p2,NZ_CP146206.1,CP146206,173.927,58.4274,176,NA,NA,NA,190,14
Pseudomonas aeruginosa,Bacteria,Pseudomonadota,Gammaproteobacteria,pF063,NZ_CP115214.1,CP115214,171.419,59.1749,192,NA,NA,NA,197,NA
Pseudomonas amygdali pv. morsprunorum,Bacteria,Pseudomonadota,Gammaproteobacteria,p2_tig3,NZ_CP026559.1,CP026559,168.854,56.0656,171,NA,NA,NA,192,21
Pseudomonas aeruginosa,Bacteria,Pseudomonadota,Gammaproteobacteria,pHOU1-1,NZ_CP042268.1,CP042268,167.069,64.9259,164,NA,7,NA,172,1
Pseudomonas paraeruginosa,Bacteria,Pseudomonadota,Gammaproteobacteria,unnamed3,NZ_CP027167.1,CP027167,165.365,55.7857,198,NA,NA,NA,201,4
Pseudomonas paraeruginosa,Bacteria,Pseudomonadota,Gammaproteobacteria,unnamed1,NZ_CP029091.1,CP029091,165.365,55.7857,199,NA,NA,NA,202,4
Pseudomonas juntendi,Bacteria,Pseudomonadota,Gammaproteobacteria,pL4046hy,NA,CP146692.1,162.156,56.7497,161,NA,NA,NA,174,13
Pseudomonas putida,Bacteria,Pseudomonadota,Gammaproteobacteria,pLWPZF,NZ_CP069081.1,CP069081,160.969,58.2454,161,NA,NA,NA,174,13
Pseudomonas aeruginosa,Bacteria,Pseudomonadota,Gammaproteobacteria,pPae-WC20-001-01,NZ_CP071948.1,CP071948,159.998,56.7282,151,NA,NA,NA,162,11
Pseudomonas aeruginosa,Bacteria,Pseudomonadota,Gammaproteobacteria,unnamed,NZ_CP011370.1,CP011370,159.187,57.7321,178,NA,NA,NA,180,2
Pseudomonas aeruginosa,Bacteria,Pseudomonadota,Gammaproteobacteria,unnamed1,NA,CP149855.1,159.128,57.6548,179,NA,NA,NA,182,3
Pseudomonas hunanensis,Bacteria,Pseudomonadota,Gammaproteobacteria,p1_Teo1,NA,CP131128.1,156.352,58.1988,165,NA,NA,NA,165,NA
Pseudomonas veronii,Bacteria,Pseudomonadota,Gammaproteobacteria,pPVG21,NZ_CP089533.1,CP089533,155.798,55.8165,150,NA,NA,NA,155,5
Pseudomonas aeruginosa,Bacteria,Pseudomonadota,Gammaproteobacteria,pPae-WC20-001-02,NZ_CP071949.1,CP071949,153.27,57.8469,175,NA,NA,NA,186,11
Pseudomonas aeruginosa,Bacteria,Pseudomonadota,Gammaproteobacteria,pNY7610-IMP,NA,CP096914.1,152.682,56.898,140,NA,NA,NA,155,15
Pseudomonas aeruginosa,Bacteria,Pseudomonadota,Gammaproteobacteria,RW109 plasmid 2,NA,LT969521.1,151.612,57.2778,156,NA,NA,NA,156,NA
Pseudomonas fulva,Bacteria,Pseudomonadota,Gammaproteobacteria,unnamed,NZ_CP064947.1,CP064947,150.273,56.8133,148,NA,NA,NA,157,9
Pseudomonas asiatica,Bacteria,Pseudomonadota,Gammaproteobacteria,p1_Teo6,NA,CP139777.1,150.161,57.6475,159,NA,NA,NA,159,NA
Pseudomonas sp. NY11382,Bacteria,Pseudomonadota,Gammaproteobacteria,pNY11382-NR,NA,CP097105.1,148.732,57.9768,154,NA,NA,NA,158,NA
Pseudomonas cerasi,Bacteria,Pseudomonadota,Gammaproteobacteria,PP2,NZ_LT963397.1,LT963397,144.075,55.5773,142,NA,NA,NA,156,14
Pseudomonas cerasi,Bacteria,Pseudomonadota,Gammaproteobacteria,p58T3,NZ_LT222315.1,LT222315,143.614,55.6464,151,NA,NA,NA,167,16
Pseudomonas aeruginosa,Bacteria,Pseudomonadota,Gammaproteobacteria,unnamed,NZ_CP093029.1,CP093029,143.021,57.4992,168,NA,NA,NA,171,3
Pseudomonas aeruginosa,Bacteria,Pseudomonadota,Gammaproteobacteria,unnamed1,NZ_CP116726.1,CP116726,142.661,57.2897,162,NA,NA,NA,164,NA
Pseudomonas aeruginosa,Bacteria,Pseudomonadota,Gammaproteobacteria,pPAD8,NA,CP061074.2,140.415,57.199,154,NA,NA,NA,156,2
Pseudomonas aeruginosa,Bacteria,Pseudomonadota,Gammaproteobacteria,pF065,NZ_CP115209.1,CP115209,138.928,57.4513,155,NA,NA,NA,158,NA
Pseudomonas amygdali pv. aesculi,Bacteria,Pseudomonadota,Gammaproteobacteria,pPae1804ZI,NZ_CP123213.1,CP123213,136.841,56.5284,142,NA,NA,NA,157,NA
Pseudomonas sp. BYT-5,Bacteria,Pseudomonadota,Gammaproteobacteria,pBYT5-2,NZ_CP097491.1,CP097491,136.4,57.393,137,NA,NA,NA,148,11
Pseudomonas yamanorum,Bacteria,Pseudomonadota,Gammaproteobacteria,unnamed,NA,CP058645.1,135.969,56.315,142,NA,NA,NA,157,15
Pseudomonas antarctica,Bacteria,Pseudomonadota,Gammaproteobacteria,pP27494_1,NZ_CP015601.1,CP015601,135.475,54.7466,118,NA,NA,NA,150,32
Pseudomonas aeruginosa,Bacteria,Pseudomonadota,Gammaproteobacteria,unnamed1,NZ_CP052760.1,CP052760,133.551,55.456,167,NA,NA,NA,169,2
Pseudomonas putida DOT-T1E,Bacteria,Pseudomonadota,Gammaproteobacteria,pGRT1,NZ_CP110783.1,CP110783,133.448,55.8038,126,NA,NA,NA,141,15
Pseudomonas juntendi,Bacteria,Pseudomonadota,Gammaproteobacteria,unnamed3,NA,CP125217.1,132.641,57.7943,137,NA,NA,NA,155,18
Pseudomonas sp. P105,Bacteria,Pseudomonadota,Gammaproteobacteria,unnamed,NA,CP126694.1,132.071,54.6767,144,NA,NA,NA,144,NA
Pseudomonas oryzihabitans,Bacteria,Pseudomonadota,Gammaproteobacteria,unnamed1,NZ_CP044072.1,CP044072,132.067,58.6573,118,NA,NA,NA,130,12
Pseudomonas sp. KBS0707,Bacteria,Pseudomonadota,Gammaproteobacteria,unnamed1,NZ_CP041755.1,CP041755,131.974,54.1001,101,NA,NA,NA,146,45
Pseudomonas savastanoi pv. phaseolicola 1448A,Bacteria,Pseudomonadota,Gammaproteobacteria,large,NC_007274.1,CP000059,131.95,54.1084,101,NA,NA,NA,145,44
Pseudomonas monteilii,Bacteria,Pseudomonadota,Gammaproteobacteria,pSH5-1,NZ_CP022563.1,CP022563,130.536,56.7338,120,NA,NA,NA,132,12
Pseudomonas aeruginosa,Bacteria,Pseudomonadota,Gammaproteobacteria,pPYO_TB,NZ_CP034355.1,CP034355,130.306,57.652,150,NA,NA,NA,152,2
Pseudomonas aeruginosa,Bacteria,Pseudomonadota,Gammaproteobacteria,pNY7610-NR,NA,CP096915.1,130.277,57.5167,151,NA,NA,NA,153,2
Pseudomonas aeruginosa,Bacteria,Pseudomonadota,Gammaproteobacteria,pF046,NZ_CP115238.1,CP115238,130.052,57.3232,134,NA,NA,NA,135,NA
Pseudomonas aeruginosa,Bacteria,Pseudomonadota,Gammaproteobacteria,unnamed1,NZ_CP056091.1,CP056091,129.522,57.5076,150,NA,NA,NA,152,2
Pseudomonas aeruginosa,Bacteria,Pseudomonadota,Gammaproteobacteria,unnamed,NZ_CP032256.1,CP032256,129.422,57.515,150,NA,NA,NA,152,2
Pseudomonas nitroreducens,Bacteria,Pseudomonadota,Gammaproteobacteria,pPniHBP1_2,NZ_CP049141.1,CP049141,128.388,56.1065,134,NA,NA,NA,137,3
Pseudomonas syringae,Bacteria,Pseudomonadota,Gammaproteobacteria,pPs253,NZ_CP034561.1,CP034561,128.34,55.2338,113,NA,NA,NA,131,18
Pseudomonas aeruginosa,Bacteria,Pseudomonadota,Gammaproteobacteria,unnamed,NZ_JAIEXW010000004.1,NA,127.678,57.6669,141,NA,NA,NA,143,2
Pseudomonas cerasi,Bacteria,Pseudomonadota,Gammaproteobacteria,PP1,NZ_LT963396.1,LT963396,127.474,54.8237,119,NA,NA,NA,127,8
Pseudomonas syringae pv. tomato,Bacteria,Pseudomonadota,Gammaproteobacteria,pB13-200A,NZ_CP019872.1,CP019872,125.801,60.0583,127,NA,NA,NA,134,7
Pseudomonas sp. JS425,Bacteria,Pseudomonadota,Gammaproteobacteria,pPNP1,NZ_CP073662.1,CP073662,125.508,58.9532,124,NA,NA,NA,147,23
Pseudomonas syringae,Bacteria,Pseudomonadota,Gammaproteobacteria,pPs252,NZ_CP034559.1,CP034559,121.06,59.0046,116,NA,NA,NA,125,9
Pseudomonas luteola,Bacteria,Pseudomonadota,Gammaproteobacteria,unnamed2,NZ_CP044087.1,CP044087,120.674,56.4877,151,NA,NA,NA,163,12
Pseudomonas ficuserectae,Bacteria,Pseudomonadota,Gammaproteobacteria,pZJDX2,NZ_CP085686.1,CP085686,119.174,54.9768,110,NA,NA,NA,126,NA
Pseudomonas syringae pv. cerasicola,Bacteria,Pseudomonadota,Gammaproteobacteria,PP1,NZ_LT963392.1,LT963392,118.774,55.4751,103,NA,NA,NA,135,32
Pseudomonas sp. BA28,Bacteria,Pseudomonadota,Gammaproteobacteria,unnamed,NA,CP141834.1,118.11,54.1055,NA,NA,NA,NA,NA,NA
Pseudomonas putida ND6,Bacteria,Pseudomonadota,Gammaproteobacteria,pND6-2,NC_018746.1,CP003589,117.003,57.813,121,NA,NA,NA,121,NA
Pseudomonas fluorescens HK44,Bacteria,Pseudomonadota,Gammaproteobacteria,pUTK21,NZ_AFOY02000029.1,AFOY02000029,116.775,54.939,109,NA,NA,NA,128,19
Pseudomonas sp. KBS0802,Bacteria,Pseudomonadota,Gammaproteobacteria,unnamed,NZ_CP042181.1,CP042181,116.559,58.6398,122,NA,NA,NA,137,15
Pseudomonas amygdali pv. aesculi,Bacteria,Pseudomonadota,Gammaproteobacteria,pCOR2250,NZ_CP123227.1,CP123227,116.443,57.5818,94,NA,NA,NA,121,NA
Pseudomonas amygdali pv. aesculi,Bacteria,Pseudomonadota,Gammaproteobacteria,pCOR6617,NZ_CP123205.1,CP123205,115.332,57.5738,93,NA,NA,NA,120,NA
Pseudomonas amygdali pv. aesculi,Bacteria,Pseudomonadota,Gammaproteobacteria,pGYL1,NZ_CP093432.1,CP093432,114.962,57.5929,93,NA,NA,NA,118,25
Pseudomonas amygdali pv. aesculi,Bacteria,Pseudomonadota,Gammaproteobacteria,pCOR1804,NZ_CP123214.1,CP123214,114.96,57.5939,94,NA,NA,NA,119,NA
Pseudomonas ficuserectae,Bacteria,Pseudomonadota,Gammaproteobacteria,pZJDX1,NZ_CP085685.1,CP085685,114.267,55.8595,110,NA,NA,NA,125,NA
Pseudomonas putida,Bacteria,Pseudomonadota,Gammaproteobacteria,pPp1290,NZ_CP039372.1,CP039372,114.265,54.5924,119,NA,NA,NA,122,3
Pseudomonas oryzihabitans,Bacteria,Pseudomonadota,Gammaproteobacteria,pPRS08-11306,NA,CP018759.1,114.25,65.1107,162,NA,NA,NA,165,3
Pseudomonas aeruginosa,Bacteria,Pseudomonadota,Gammaproteobacteria,p2,NZ_CP083368.1,CP083368,113.189,56.8562,110,NA,NA,NA,110,NA
Pseudomonas coronafaciens pv. coronafaciens,Bacteria,Pseudomonadota,Gammaproteobacteria,unnamed1,NZ_CP046442.1,CP046442,112.911,53.4811,120,NA,NA,NA,130,10
Pseudomonas juntendi,Bacteria,Pseudomonadota,Gammaproteobacteria,pCN1276,NZ_CP091312.1,CP091312,112.529,57.411,121,NA,NA,NA,127,6
Pseudomonas syringae pv. cerasicola,Bacteria,Pseudomonadota,Gammaproteobacteria,PP3,NZ_LT963394.1,LT963394,111.777,56.6047,105,NA,NA,NA,116,11
Pseudomonas savastanoi,Bacteria,Pseudomonadota,Gammaproteobacteria,unnamed1,NZ_CP032457.1,CP032457,111.638,52.3388,116,NA,NA,NA,116,NA
Pseudomonas syringae,Bacteria,Pseudomonadota,Gammaproteobacteria,PP1,NZ_LT963410.1,LT963410,110.42,54.6885,113,NA,NA,NA,132,19
Pseudomonas avellanae,Bacteria,Pseudomonadota,Gammaproteobacteria,p1NCPPB4222,NZ_CP091148.1,CP091148,110.191,55.843,99,NA,NA,NA,120,21
Pseudomonas aeruginosa,Bacteria,Pseudomonadota,Gammaproteobacteria,pWTJH32,NZ_CP104589.1,CP104589,109.939,58.4279,131,NA,NA,NA,137,NA
Pseudomonas syringae pv. avii,Bacteria,Pseudomonadota,Gammaproteobacteria,PP2,NZ_LT963404.1,LT963404,109.843,55.745,104,NA,NA,NA,120,16
Pseudomonas shirazica,Bacteria,Pseudomonadota,Gammaproteobacteria,plas1,NA,CP075568.1,109.704,58.6232,113,NA,NA,NA,138,25
Pseudomonas sp. JS3066,Bacteria,Pseudomonadota,Gammaproteobacteria,pJS3066,NZ_CP143313.1,CP143313,109.408,63.1508,100,NA,NA,NA,109,NA
Pseudomonas syringae pv. avii,Bacteria,Pseudomonadota,Gammaproteobacteria,PP3,NZ_LT963405.1,LT963405,108.842,55.7919,104,NA,NA,NA,128,24
Pseudomonas asturiensis,Bacteria,Pseudomonadota,Gammaproteobacteria,pCC1524,NZ_CP047266.1,CP047266,108.727,59.5363,72,NA,2,NA,75,NA
Pseudomonas sp. ADP,Bacteria,Pseudomonadota,Gammaproteobacteria,pADP1,NZ_CM003636.1,CM003636,107.964,62.6079,90,NA,NA,NA,107,17
Pseudomonas syringae CC1417,Bacteria,Pseudomonadota,Gammaproteobacteria,pCC1417,NZ_CP159361.1,CP159361,107.942,59.4782,70,NA,1,NA,72,NA
Pseudomonas putida,Bacteria,Pseudomonadota,Gammaproteobacteria,pBS1141,NZ_CP059053.1,CP059053,107.388,57.8761,114,NA,NA,NA,127,13
Pseudomonas syringae pv. tomato,Bacteria,Pseudomonadota,Gammaproteobacteria,p107,NA,OX458336.1,106.707,58.2755,109,NA,NA,1,110,NA
Pseudomonas aeruginosa,Bacteria,Pseudomonadota,Gammaproteobacteria,pSRRSH1120-KPC,NZ_CP078000.1,CP078000,106.679,58.4023,133,NA,NA,NA,138,5
Pseudomonas avellanae,Bacteria,Pseudomonadota,Gammaproteobacteria,p1NCPPB3491,NZ_CP091144.1,CP091144,105.919,55.3347,100,NA,NA,NA,121,21
Pseudomonas aeruginosa,Bacteria,Pseudomonadota,Gammaproteobacteria,pWTJH2,NZ_CP104585.1,CP104585,103.681,58.1592,123,NA,NA,NA,129,NA
Pseudomonas putida,Bacteria,Pseudomonadota,Gammaproteobacteria,unnamed,NZ_CP046873.1,CP046873,103.556,58.7132,114,NA,NA,NA,133,19
Pseudomonas siliginis,Bacteria,Pseudomonadota,Gammaproteobacteria,unnamed1,NZ_CP099597.1,CP099597,103.148,55.1276,117,NA,NA,NA,117,NA
Pseudomonas avellanae,Bacteria,Pseudomonadota,Gammaproteobacteria,p2_tig5,NZ_CP026564.1,CP026564,102.862,54.2416,101,NA,NA,NA,123,22
Pseudomonas putida ND6,Bacteria,Pseudomonadota,Gammaproteobacteria,pND6-1,NC_005244.2,AY208917,101.858,56.9646,99,NA,NA,NA,111,12
Pseudomonas sp. HS-18,Bacteria,Pseudomonadota,Gammaproteobacteria,plas1,NZ_CP084414.1,CP084414,101.45,55.0143,103,NA,NA,NA,106,3
Pseudomonas cerasi,Bacteria,Pseudomonadota,Gammaproteobacteria,p58T1,NZ_LT222313.1,LT222313,101.345,55.9889,95,NA,NA,NA,111,16
Pseudomonas sp. TMW 2.1634,Bacteria,Pseudomonadota,Gammaproteobacteria,pL21564-1,NZ_CP016850.1,CP016850,99.718,55.9337,82,NA,NA,NA,83,1
Pseudomonas tremae,Bacteria,Pseudomonadota,Gammaproteobacteria,p1,NZ_CP066271.1,CP066271,98.897,56.0563,88,NA,NA,NA,102,14
Pseudomonas aeruginosa,Bacteria,Pseudomonadota,Gammaproteobacteria,pHPA0044-2,NA,CP137506.1,98.516,59.2361,128,NA,NA,NA,131,NA
Pseudomonas oryzihabitans,Bacteria,Pseudomonadota,Gammaproteobacteria,unnamed2,NZ_CP102430.1,CP102430,98.312,59.2949,110,NA,NA,NA,111,1
Pseudomonas sp. DTU_2021_1001937_2_SI_NGA_ILE_001,Bacteria,Pseudomonadota,Gammaproteobacteria,unnamed1,NA,CP135972.1,97.862,63.8757,69,NA,NA,NA,69,NA
Pseudomonas avellanae,Bacteria,Pseudomonadota,Gammaproteobacteria,p1_tig4,NZ_CP026563.1,CP026563,97.84,55.4998,91,NA,NA,NA,102,11
Pseudomonas aeruginosa,Bacteria,Pseudomonadota,Gammaproteobacteria,pHPA0698-2,NA,CP137508.1,96.285,62.9631,101,NA,NA,NA,105,NA
Pseudomonas sp. ML2-2023-3,Bacteria,Pseudomonadota,Gammaproteobacteria,p_unnamed_2,NA,CP146345.1,95.682,53.4061,98,NA,NA,NA,100,2
Pseudomonas aeruginosa,Bacteria,Pseudomonadota,Gammaproteobacteria,pSRPA1308-1,NZ_CP158572.1,CP158572,95.283,60.6226,125,NA,NA,NA,127,2
Pseudomonas syringae pv. syringae,Bacteria,Pseudomonadota,Gammaproteobacteria,p127_1,NZ_CM008378.1,CM008378,94.969,58.3696,80,NA,2,1,86,3
Pseudomonas bubulae,Bacteria,Pseudomonadota,Gammaproteobacteria,p_intI1_positive,NA,CP146078.1,94.902,56.6721,97,NA,NA,NA,105,8
Pseudomonas bubulae,Bacteria,Pseudomonadota,Gammaproteobacteria,p_intI1_positive,NA,CP146075.1,94.902,56.6721,97,NA,NA,NA,105,8
Pseudomonas putida,Bacteria,Pseudomonadota,Gammaproteobacteria,pKF715C,NZ_AP015032.1,AP015032,94.696,62.3522,125,NA,NA,NA,125,NA
Pseudomonas coronafaciens,Bacteria,Pseudomonadota,Gammaproteobacteria,unnamed1,NZ_CP050261.1,CP050261,94.384,52.8691,100,NA,NA,NA,113,13
Pseudomonas syringae pv. tomato,Bacteria,Pseudomonadota,Gammaproteobacteria,pB13-200B,NZ_CP019873.1,CP019873,93.873,55.2001,85,NA,NA,NA,96,11
Pseudomonas kurunegalensis,Bacteria,Pseudomonadota,Gammaproteobacteria,unnamed3,NZ_CP156904.1,CP156904,93.583,57.8171,115,NA,NA,NA,124,NA
Pseudomonas aeruginosa,Bacteria,Pseudomonadota,Gammaproteobacteria,p1B17416,NZ_CP070468.1,CP070468,92.794,65.0171,84,NA,NA,NA,86,2
Pseudomonas aeruginosa,Bacteria,Pseudomonadota,Gammaproteobacteria,pHPA0170-2,NA,CP137515.1,91.061,67.6964,52,NA,NA,NA,54,NA
Pseudomonas syringae,Bacteria,Pseudomonadota,Gammaproteobacteria,PP2,NZ_LT963411.1,LT963411,90.464,55.0396,88,NA,NA,NA,106,18
Pseudomonas syringae,Bacteria,Pseudomonadota,Gammaproteobacteria,pPs251,NZ_CP034560.1,CP034560,89.632,55.9041,89,NA,NA,NA,95,6
Pseudomonas aeruginosa,Bacteria,Pseudomonadota,Gammaproteobacteria,pQZPH41-KPC,NZ_CP064400.1,CP064400,88.21,61.2958,96,NA,NA,NA,99,3
Pseudomonas avellanae,Bacteria,Pseudomonadota,Gammaproteobacteria,p2NCPPB3491,NZ_CP091145.1,CP091145,87.243,53.8095,84,NA,NA,NA,93,9
Pseudomonas syringae,Bacteria,Pseudomonadota,Gammaproteobacteria,PP3,NZ_LT963412.1,LT963412,86.369,58.2605,82,NA,NA,NA,91,9
Pseudomonas syringae pv. cerasicola,Bacteria,Pseudomonadota,Gammaproteobacteria,PP2,NZ_LT963393.1,LT963393,86.328,56.2564,79,NA,NA,NA,94,15
Pseudomonas aeruginosa,Bacteria,Pseudomonadota,Gammaproteobacteria,pUKJ55_1,NZ_CP141073.1,CP141073,85.964,64.4095,69,NA,NA,NA,79,NA
Pseudomonas aeruginosa,Bacteria,Pseudomonadota,Gammaproteobacteria,pY89,NZ_CP030914.1,CP030914,85.842,60.0953,97,NA,1,NA,98,NA
Pseudomonas silvicola,Bacteria,Pseudomonadota,Gammaproteobacteria,p2,NA,CP093282.1,84.88,55.827,110,NA,NA,NA,110,NA
Pseudomonas hydrolytica,Bacteria,Pseudomonadota,Gammaproteobacteria,unnamed,NZ_CP100554.1,CP100554,83.915,59.2469,90,NA,NA,NA,96,NA
Pseudomonas syringae,Bacteria,Pseudomonadota,Gammaproteobacteria,PP3,NZ_LT985194.1,LT985194,83.816,54.807,85,NA,NA,NA,96,11
Pseudomonas syringae pv. tomato,Bacteria,Pseudomonadota,Gammaproteobacteria,pB13-200C,NZ_CP019874.1,CP019874,82.965,55.4294,89,NA,NA,NA,93,4
Pseudomonas syringae,Bacteria,Pseudomonadota,Gammaproteobacteria,PP4,NZ_LT985195.1,LT985195,82.845,55.8694,84,NA,NA,NA,99,15
Pseudomonas aeruginosa,Bacteria,Pseudomonadota,Gammaproteobacteria,unnamed1,NA,CP124633.1,82.465,60.5433,83,NA,NA,NA,94,NA
Pseudomonas sp. HN2,Bacteria,Pseudomonadota,Gammaproteobacteria,pHN2,NZ_CP085886.1,CP085886,81.985,61.2588,115,NA,NA,NA,115,NA
Pseudomonas putida,Bacteria,Pseudomonadota,Gammaproteobacteria,pNAH7,NA,CP096582.1,81.928,55.7905,85,NA,NA,NA,98,13
Pseudomonas umsongensis,Bacteria,Pseudomonadota,Gammaproteobacteria,pENK22,NZ_CP044408.1,CP044408,81.914,55.7902,88,NA,NA,NA,99,11
Pseudomonas moraviensis R28-S,Bacteria,Pseudomonadota,Gammaproteobacteria,pR28,NZ_CM002331.1,CM002331,81.846,56.869,72,NA,NA,NA,82,10
Pseudomonas frederiksbergensis,Bacteria,Pseudomonadota,Gammaproteobacteria,unnamed,NZ_CP018320.1,CP018320,81.841,56.1613,82,NA,NA,NA,94,12
Pseudomonas amygdali pv. morsprunorum,Bacteria,Pseudomonadota,Gammaproteobacteria,p1_tig4,NZ_CP026557.1,CP026557,81.536,56.4806,79,NA,NA,NA,93,14
Pseudomonas cerasi,Bacteria,Pseudomonadota,Gammaproteobacteria,PP3,NZ_LT963398.1,LT963398,81.323,55.1111,86,NA,NA,NA,98,12
Pseudomonas atacamensis,Bacteria,Pseudomonadota,Gammaproteobacteria,unnamed,NZ_CP070504.1,CP070504,81.19,60.1503,107,NA,NA,NA,107,NA
Pseudomonas syringae pv. tomato,Bacteria,Pseudomonadota,Gammaproteobacteria,p81,NA,OX458337.1,80.904,55.4299,94,NA,NA,NA,94,NA
Pseudomonas putida,Bacteria,Pseudomonadota,Gammaproteobacteria,pBR-PH17,NZ_CP066307.1,CP066307,80.36,60.0311,89,NA,NA,NA,98,9
Pseudomonas putida HB3267,Bacteria,Pseudomonadota,Gammaproteobacteria,pPC9,NC_019906.1,CP003739,80.36,60.0324,88,NA,NA,NA,97,9
Pseudomonas fragi,Bacteria,Pseudomonadota,Gammaproteobacteria,unnamed1,NZ_CP021133.1,CP021133,79.891,56.0877,71,NA,NA,NA,80,9
Pseudomonas yamanorum,Bacteria,Pseudomonadota,Gammaproteobacteria,unnamed1,NA,CP058646.1,79.872,55.0906,60,NA,NA,NA,76,16
Pseudomonas sp. KHPS1,Bacteria,Pseudomonadota,Gammaproteobacteria,unnamed,NZ_CP100552.1,CP100552,79.836,59.3542,83,NA,NA,NA,91,8
Pseudomonas syringae pv. actinidiae,Bacteria,Pseudomonadota,Gammaproteobacteria,pYunnan2.4,NA,CP135286.1,79.823,56.0014,71,NA,NA,NA,90,NA
Pseudomonas monteilii,Bacteria,Pseudomonadota,Gammaproteobacteria,pSTW0522-72-1,NZ_AP022474.1,AP022474,79.236,62.7,101,NA,NA,NA,101,NA
Pseudomonas syringae,Bacteria,Pseudomonadota,Gammaproteobacteria,PP4,NZ_LT963413.1,LT963413,78.348,55.196,88,NA,NA,NA,96,8
Pseudomonas tremae,Bacteria,Pseudomonadota,Gammaproteobacteria,p1,NZ_CP066268.1,CP066268,78.055,55.2418,77,NA,NA,NA,82,5
Pseudomonas lurida,Bacteria,Pseudomonadota,Gammaproteobacteria,unnamed,NZ_CP015640.1,CP015640,77.9,52.4673,69,NA,NA,NA,75,6
Pseudomonas syringae pv. actinidiae,Bacteria,Pseudomonadota,Gammaproteobacteria,pLKQG722,NZ_CP032870.1,CP032870,77.771,56.0402,74,NA,NA,NA,84,10
Pseudomonas amygdali pv. lachrymans,Bacteria,Pseudomonadota,Gammaproteobacteria,pPlaYM7902B,NA,CP127047.1,77.752,55.6372,76,NA,NA,NA,84,NA
Pseudomonas amygdali pv. lachrymans,Bacteria,Pseudomonadota,Gammaproteobacteria,pPAL8-01,NZ_CP075687.1,CP075687,77.748,56.3912,83,NA,NA,NA,89,6
Pseudomonas syringae pv. avii,Bacteria,Pseudomonadota,Gammaproteobacteria,PP4,NZ_LT963406.1,LT963406,77.492,55.9374,90,NA,NA,NA,100,10
Pseudomonas syringae pv. actinidiae,Bacteria,Pseudomonadota,Gammaproteobacteria,unnamed,NA,CP136505.1,77.276,56.0032,NA,NA,NA,NA,NA,NA
Pseudomonas syringae pv. actinidiae,Bacteria,Pseudomonadota,Gammaproteobacteria,p,NA,CP116479.1,77.26,56.0044,71,NA,NA,NA,89,NA
Pseudomonas amygdali,Bacteria,Pseudomonadota,Gammaproteobacteria,p1,NZ_CP084213.1,CP084213,76.741,60.024,80,NA,NA,NA,85,5
Pseudomonas syringae pv. actinidiae,Bacteria,Pseudomonadota,Gammaproteobacteria,pPsa20586,NZ_CP017008.1,CP017008,76.088,56.0299,74,NA,NA,NA,87,13
Pseudomonas sp. BYT-1,Bacteria,Pseudomonadota,Gammaproteobacteria,pBYT1-2,NZ_CP072561.1,CP072561,75.715,64.3809,69,NA,NA,NA,82,13
Pseudomonas aeruginosa,Bacteria,Pseudomonadota,Gammaproteobacteria,pF010_1,NZ_CP115281.1,CP115281,75.659,67.1354,100,NA,NA,NA,103,NA
Pseudomonas corrugata,Bacteria,Pseudomonadota,Gammaproteobacteria,pPcorr-B21-055,NA,CP102178.1,75.476,60.5146,90,NA,NA,NA,90,NA
Pseudomonas amygdali,Bacteria,Pseudomonadota,Gammaproteobacteria,p2,NZ_CP084214.1,CP084214,75.135,54.7694,80,NA,NA,NA,81,1
Pseudomonas syringae pv. actinidiae,Bacteria,Pseudomonadota,Gammaproteobacteria,pYunnan3.2,NA,CP135284.1,74.466,56.0014,60,NA,NA,NA,88,NA
Pseudomonas syringae pv. actinidiae,Bacteria,Pseudomonadota,Gammaproteobacteria,unnamed,NZ_CP019731.1,CP019731,74.46,56.0086,71,NA,NA,NA,85,14
Pseudomonas syringae pv. actinidiae,Bacteria,Pseudomonadota,Gammaproteobacteria,unnamed,NZ_CP019733.1,CP019733,74.46,56.0086,70,NA,NA,NA,85,15
Pseudomonas syringae pv. actinidiae ICMP 18708,Bacteria,Pseudomonadota,Gammaproteobacteria,unnamed,NZ_CP012180.1,CP012180,74.432,56.0055,75,NA,NA,NA,85,10
Pseudomonas syringae pv. actinidiae,Bacteria,Pseudomonadota,Gammaproteobacteria,unnamed,NA,CP134067.1,74.428,56.0058,NA,NA,NA,NA,NA,NA
Pseudomonas syringae pv. actinidiae,Bacteria,Pseudomonadota,Gammaproteobacteria,pPsa22180a,NZ_CP017010.1,CP017010,74.424,56.0088,74,NA,NA,NA,86,12
Pseudomonas syringae pv. actinidiae ICMP 18884,Bacteria,Pseudomonadota,Gammaproteobacteria,unnamed,NZ_CP011973.1,CP011973,74.423,56.0096,74,NA,NA,NA,85,11
Pseudomonas syringae pv. tomato,Bacteria,Pseudomonadota,Gammaproteobacteria,p235A,NZ_JADZGO010000022.1,NA,73.717,55.3454,50,NA,NA,NA,64,14
Pseudomonas syringae pv. tomato str. DC3000,Bacteria,Pseudomonadota,Gammaproteobacteria,pDC3000A,NC_004633.1,AE016855,73.661,55.1459,74,NA,NA,NA,77,3
Pseudomonas syringae pv. helianthi,Bacteria,Pseudomonadota,Gammaproteobacteria,pHelA,NZ_CP092919.1,CP092919,73.393,54.8744,75,NA,NA,NA,81,6
Pseudomonas syringae pv. actinidiae,Bacteria,Pseudomonadota,Gammaproteobacteria,unnamed,NA,CP136507.1,73.35,56.0286,NA,NA,NA,NA,NA,NA
Pseudomonas amygdali pv. aesculi,Bacteria,Pseudomonadota,Gammaproteobacteria,pPae6617Z,NZ_CP123206.1,CP123206,73.308,56.2913,77,NA,NA,NA,85,NA
Pseudomonas amygdali pv. aesculi,Bacteria,Pseudomonadota,Gammaproteobacteria,pPae2250Z,NZ_CP123226.1,CP123226,73.292,56.2967,78,NA,NA,NA,86,NA
Pseudomonas amygdali pv. aesculi,Bacteria,Pseudomonadota,Gammaproteobacteria,pPae2203Z,NZ_CP123217.1,CP123217,73.292,56.2913,78,NA,NA,NA,86,NA
Pseudomonas savastanoi,Bacteria,Pseudomonadota,Gammaproteobacteria,unnamed2,NZ_CP032458.1,CP032458,73.281,54.5544,82,NA,NA,NA,89,7
Pseudomonas amygdali pv. aesculi,Bacteria,Pseudomonadota,Gammaproteobacteria,pGYL2,NZ_CP093433.1,CP093433,73.276,56.3049,78,NA,NA,NA,85,7
Pseudomonas syringae pv. actinidiae str. Shaanxi_M228,Bacteria,Pseudomonadota,Gammaproteobacteria,pM228,NZ_CP032632.1,CP032632,72.748,56.194,69,NA,NA,NA,81,12
Pseudomonas amygdali pv. lachrymans,Bacteria,Pseudomonadota,Gammaproteobacteria,pPAL8-02,NZ_CP075688.1,CP075688,72.398,55.3579,70,NA,NA,NA,74,4
Pseudomonas savastanoi pv. savastanoi,Bacteria,Pseudomonadota,Gammaproteobacteria,pPsv_PVFi1,NZ_CP078140.1,CP078140,72.349,55.3857,72,NA,NA,NA,85,13
Pseudomonas aeruginosa,Bacteria,Pseudomonadota,Gammaproteobacteria,unnamed1,NZ_CP027175.1,CP027175,71.782,59.6877,85,NA,NA,NA,88,3
Pseudomonas avellanae,Bacteria,Pseudomonadota,Gammaproteobacteria,p3NCPPB3491,NZ_CP091146.1,CP091146,71.76,55.779,91,NA,NA,NA,95,4
Pseudomonas amygdali pv. aesculi,Bacteria,Pseudomonadota,Gammaproteobacteria,pPae6617P,NZ_CP123207.1,CP123207,71.577,54.9338,59,NA,NA,NA,75,NA
Pseudomonas aeruginosa,Bacteria,Pseudomonadota,Gammaproteobacteria,unnamed A,NA,CP080283.1,71.308,59.5936,82,NA,NA,NA,86,4
Pseudomonas tremae,Bacteria,Pseudomonadota,Gammaproteobacteria,p2,NZ_CP066272.1,CP066272,71.198,55.1687,74,NA,NA,NA,80,6
Pseudomonas aeruginosa,Bacteria,Pseudomonadota,Gammaproteobacteria,p1,NZ_CP077972.1,CP077972,71.164,61.7812,81,NA,NA,NA,81,NA
Pseudomonas cerasi,Bacteria,Pseudomonadota,Gammaproteobacteria,PP4,NZ_LT963399.1,LT963399,70.589,55.1956,62,NA,NA,NA,75,13
Pseudomonas cerasi,Bacteria,Pseudomonadota,Gammaproteobacteria,p58T2,NZ_LT222314.1,LT222314,70.584,55.2066,60,NA,NA,NA,74,14
Pseudomonas amygdali pv. aesculi,Bacteria,Pseudomonadota,Gammaproteobacteria,pPae2203P,NZ_CP123218.1,CP123218,70.379,54.9454,59,NA,NA,NA,75,NA
Pseudomonas amygdali pv. aesculi,Bacteria,Pseudomonadota,Gammaproteobacteria,pPae2250P,NZ_CP123222.1,CP123222,70.372,54.9366,52,NA,NA,NA,74,NA
Pseudomonas amygdali pv. aesculi,Bacteria,Pseudomonadota,Gammaproteobacteria,pPae1804P,NZ_CP123211.1,CP123211,70.047,54.9488,53,NA,NA,NA,73,NA
Pseudomonas avellanae,Bacteria,Pseudomonadota,Gammaproteobacteria,p3_tig6,NZ_CP026565.1,CP026565,69.519,56.6881,68,NA,NA,NA,73,5
Pseudomonas aeruginosa,Bacteria,Pseudomonadota,Gammaproteobacteria,p3,NZ_CP083369.1,CP083369,69.506,58.182,78,NA,NA,NA,81,3
Pseudomonas migulae,Bacteria,Pseudomonadota,Gammaproteobacteria,unnamed,NA,CP043572.1,68.338,57.9282,NA,NA,NA,NA,NA,NA
Pseudomonas syringae pv. actinidiae,Bacteria,Pseudomonadota,Gammaproteobacteria,pMAFF212063-A,NZ_CP024713.1,CP024713,68.316,55.6605,68,NA,NA,NA,72,4
Pseudomonas amygdali pv. tabaci str. ATCC 11528,Bacteria,Pseudomonadota,Gammaproteobacteria,pTab1,NZ_CP042805.1,CP042805,68.162,55.4869,69,NA,NA,NA,71,2
Pseudomonas syringae pv. actinidiae,Bacteria,Pseudomonadota,Gammaproteobacteria,pMAFF212063-B,NZ_CP024714.1,CP024714,68.156,56.1022,62,NA,NA,NA,69,7
Pseudomonas amygdali pv. aesculi,Bacteria,Pseudomonadota,Gammaproteobacteria,pGYL3,NZ_CP093434.1,CP093434,67.851,56.4118,71,NA,NA,NA,77,6
Pseudomonas syringae pv. tomato,Bacteria,Pseudomonadota,Gammaproteobacteria,p235B,NZ_JADZGO010000023.1,NA,67.478,56.4762,56,NA,NA,NA,68,12
Pseudomonas syringae pv. tomato str. DC3000,Bacteria,Pseudomonadota,Gammaproteobacteria,pDC3000B,NC_004632.1,AE016854,67.473,56.1662,68,NA,NA,NA,77,9
Pseudomonas amygdali pv. aesculi,Bacteria,Pseudomonadota,Gammaproteobacteria,pPae2250I,NZ_CP123224.1,CP123224,65.883,56.3651,69,NA,NA,NA,75,NA
Pseudomonas juntendi,Bacteria,Pseudomonadota,Gammaproteobacteria,p2463-1,NZ_CP091089.1,CP091089,65.587,66.9264,82,NA,NA,NA,85,3
Pseudomonas mosselii,Bacteria,Pseudomonadota,Gammaproteobacteria,unnamed,NZ_CP081967.1,CP081967,65.474,59.8925,74,NA,NA,NA,76,2
Pseudomonas hunanensis,Bacteria,Pseudomonadota,Gammaproteobacteria,p2_Teo1,NA,CP131129.1,64.977,58.6746,81,NA,NA,NA,81,NA
Pseudomonas cerasi,Bacteria,Pseudomonadota,Gammaproteobacteria,p58T4,NZ_LT222316.1,LT222316,64.87,56.2263,67,NA,NA,NA,76,9
Pseudomonas aeruginosa,Bacteria,Pseudomonadota,Gammaproteobacteria,pQZPH16-KPC,NZ_CP078005.1,CP078005,64.631,58.8185,78,NA,NA,NA,84,6
Pseudomonas syringae UMAF0158,Bacteria,Pseudomonadota,Gammaproteobacteria,unnamed,NZ_CP005971.1,CP005971,63.004,54.5759,69,NA,NA,NA,74,5
Pseudomonas aeruginosa,Bacteria,Pseudomonadota,Gammaproteobacteria,pSRRSH2790-KPC,NZ_CP077995.1,CP077995,62.848,58.4919,72,NA,NA,NA,78,6
Pseudomonas syringae pv. helianthi,Bacteria,Pseudomonadota,Gammaproteobacteria,pHelB,NZ_CP092920.1,CP092920,62.612,55.7896,67,NA,NA,NA,71,4
Pseudomonas sp. ADPe,Bacteria,Pseudomonadota,Gammaproteobacteria,pADPe,NZ_CP062123.1,CP062123,62.583,64.6885,58,NA,NA,NA,64,6
Pseudomonas aeruginosa,Bacteria,Pseudomonadota,Gammaproteobacteria,pHPA0271-2,NA,CP137513.1,62.563,59.1148,96,NA,3,NA,99,NA
Pseudomonas syringae pv. pisi str. PP1,Bacteria,Pseudomonadota,Gammaproteobacteria,pPP1-1,NZ_CP034079.1,CP034079,62.15,56.3105,61,NA,NA,NA,64,3
Pseudomonas amygdali pv. lachrymans str. M301315,Bacteria,Pseudomonadota,Gammaproteobacteria,pPla107-1,NZ_CP031227.1,CP031227,62.136,55.2353,64,NA,NA,NA,66,2
Pseudomonas cerasi,Bacteria,Pseudomonadota,Gammaproteobacteria,p58T5,NZ_LT222317.1,LT222317,61.794,53.7932,59,NA,NA,NA,69,10
Pseudomonas syringae,Bacteria,Pseudomonadota,Gammaproteobacteria,pMUP32a,NA,CP110810.1,61.675,56.4118,62,NA,NA,NA,65,NA
Pseudomonas syringae,Bacteria,Pseudomonadota,Gammaproteobacteria,p1,NZ_CP066266.1,CP066266,61.608,55.5188,65,NA,NA,NA,66,1
Pseudomonas silesiensis,Bacteria,Pseudomonadota,Gammaproteobacteria,pPL2,NA,CP143489.1,61.534,55.41,74,NA,NA,NA,75,NA
Pseudomonas aeruginosa,Bacteria,Pseudomonadota,Gammaproteobacteria,p4782-IMP,NA,OX638703.1,61.494,57.7878,71,NA,NA,NA,71,NA
Pseudomonas syringae,Bacteria,Pseudomonadota,Gammaproteobacteria,PP2,NZ_LT985193.1,LT985193,61.361,55.1784,66,NA,NA,NA,76,10
Pseudomonas sp. CIP-10,Bacteria,Pseudomonadota,Gammaproteobacteria,unnamed2,NZ_CP087162.1,CP087162,61.278,57.8984,68,NA,NA,NA,76,8
Pseudomonas monteilii,Bacteria,Pseudomonadota,Gammaproteobacteria,unnamed,NZ_CP014061.1,CP014061,60.588,59.6917,51,NA,NA,NA,57,6
Pseudomonas amygdali pv. aesculi,Bacteria,Pseudomonadota,Gammaproteobacteria,pPae2203D,NZ_CP123219.1,CP123219,60.433,56.5271,66,NA,NA,NA,69,NA
Pseudomonas aeruginosa,Bacteria,Pseudomonadota,Gammaproteobacteria,pCCBH28525_KPC,NZ_CP086065.1,CP086065,60.312,58.7362,63,NA,NA,NA,68,5
Pseudomonas syringae pv. antirrhini str. 126,Bacteria,Pseudomonadota,Gammaproteobacteria,pPan126A,NA,CP126993.1,60.179,53.3575,74,NA,NA,NA,75,NA
Pseudomonas aeruginosa,Bacteria,Pseudomonadota,Gammaproteobacteria,pPB353_1,NZ_CP025052.1,CP025052,59.923,57.3386,73,NA,NA,NA,78,5
Pseudomonas aeruginosa,Bacteria,Pseudomonadota,Gammaproteobacteria,pPB354_1,NZ_CP025054.1,CP025054,59.923,57.3386,73,NA,NA,NA,78,5
Pseudomonas furukawaii,Bacteria,Pseudomonadota,Gammaproteobacteria,pKF707,NZ_AP014863.1,AP014863,59.815,60.4765,70,NA,NA,NA,70,NA
Pseudomonas aeruginosa,Bacteria,Pseudomonadota,Gammaproteobacteria,pFIDG-26323,NZ_CP150884.1,CP150884,59.345,58.7396,77,NA,NA,NA,77,NA
Pseudomonas monteilii,Bacteria,Pseudomonadota,Gammaproteobacteria,pSTW0522-72-2,NZ_AP022475.1,AP022475,59.057,59.7389,43,NA,NA,NA,47,4
Pseudomonas aeruginosa,Bacteria,Pseudomonadota,Gammaproteobacteria,pMRSN100690_p1,NZ_CP159884.1,CP159884,58.873,58.6568,97,NA,2,NA,99,NA
Pseudomonas aeruginosa,Bacteria,Pseudomonadota,Gammaproteobacteria,pQZPH21-KPC,NZ_CP078003.1,CP078003,58.802,59.134,70,NA,NA,NA,75,5
Pseudomonas aeruginosa,Bacteria,Pseudomonadota,Gammaproteobacteria,pNY8688-NR,NA,CP096911.1,58.793,58.9628,76,NA,NA,NA,78,2
Pseudomonas amygdali pv. aesculi,Bacteria,Pseudomonadota,Gammaproteobacteria,pGYL4,NZ_CP093435.1,CP093435,58.568,56.4626,65,NA,NA,NA,66,1
Pseudomonas amygdali pv. aesculi,Bacteria,Pseudomonadota,Gammaproteobacteria,pPae6617D,NZ_CP123208.1,CP123208,58.465,56.4817,64,NA,NA,NA,65,NA
Pseudomonas amygdali pv. aesculi,Bacteria,Pseudomonadota,Gammaproteobacteria,pPae1804D,NZ_CP123212.1,CP123212,58.465,56.4765,64,NA,NA,NA,65,NA
Pseudomonas amygdali pv. aesculi,Bacteria,Pseudomonadota,Gammaproteobacteria,pPae2250D,NZ_CP123225.1,CP123225,58.463,56.4767,64,NA,NA,NA,66,NA
Pseudomonas syringae pv. syringae,Bacteria,Pseudomonadota,Gammaproteobacteria,p127_2,NZ_CM008379.1,CM008379,57.576,58.6564,45,NA,NA,NA,46,1
Pseudomonas aeruginosa,Bacteria,Pseudomonadota,Gammaproteobacteria,unnamed5,NA,CP124637.1,57.117,58.8791,80,NA,4,NA,87,NA
Pseudomonas aeruginosa,Bacteria,Pseudomonadota,Gammaproteobacteria,pPA2500,NA,CP129686.1,57.082,52.6786,NA,NA,NA,NA,NA,NA
Pseudomonas paraeruginosa,Bacteria,Pseudomonadota,Gammaproteobacteria,unnamed1,NZ_CP027168.1,CP027168,57.053,60.8592,70,NA,NA,NA,70,NA
Pseudomonas paraeruginosa,Bacteria,Pseudomonadota,Gammaproteobacteria,unnamed2,NZ_CP029092.1,CP029092,57.052,60.8585,69,NA,NA,NA,70,1
Pseudomonas fluorescens A506,Bacteria,Pseudomonadota,Gammaproteobacteria,pA506,NA,CP003042.1,56.977,51.9087,67,NA,NA,NA,67,NA
Pseudomonas sp. TMW 2.1634,Bacteria,Pseudomonadota,Gammaproteobacteria,pL21634-2,NZ_CP016851.1,CP016851,56.859,51.4413,52,NA,NA,NA,58,6
Pseudomonas syringae pv. tagetis,Bacteria,Pseudomonadota,Gammaproteobacteria,pTagA,NZ_CP092924.1,CP092924,56.569,54.2771,65,NA,NA,NA,68,3
Pseudomonas sp. BYT-5,Bacteria,Pseudomonadota,Gammaproteobacteria,pBYT5-3,NZ_CP097492.1,CP097492,56.145,64.7716,61,NA,NA,NA,62,1
Pseudomonas syringae pv. actinidiae,Bacteria,Pseudomonadota,Gammaproteobacteria,pPsa22180b,NZ_CP017011.1,CP017011,55.944,53.2211,72,NA,NA,NA,72,NA
Pseudomonas syringae,Bacteria,Pseudomonadota,Gammaproteobacteria,pMUP32b,NA,CP110811.1,54.993,55.6344,61,NA,NA,NA,63,NA
Pseudomonas syringae pv. pisi str. PP1,Bacteria,Pseudomonadota,Gammaproteobacteria,pPP1-2,NZ_CP034080.1,CP034080,54.993,55.678,62,NA,NA,NA,64,2
Pseudomonas viciae,Bacteria,Pseudomonadota,Gammaproteobacteria,unnamed,NZ_CP123772.1,CP123772,54.97,55.9687,67,NA,NA,NA,67,NA
Pseudomonas aeruginosa,Bacteria,Pseudomonadota,Gammaproteobacteria,unnamed,NZ_CP150133.1,CP150133,54.567,58.5189,70,NA,NA,NA,70,NA
Pseudomonas putida,Bacteria,Pseudomonadota,Gammaproteobacteria,pBS1142,NZ_CP059054.1,CP059054,54.501,57.4008,65,NA,NA,NA,66,1
Pseudomonas aeruginosa,Bacteria,Pseudomonadota,Gammaproteobacteria,unnamed,NZ_CP068679.1,CP068679,54.433,59.2104,69,NA,NA,NA,71,2
Pseudomonas fragi,Bacteria,Pseudomonadota,Gammaproteobacteria,unnamed2,NZ_CP021134.1,CP021134,54.359,56.4212,49,NA,NA,NA,54,5
Pseudomonas aeruginosa,Bacteria,Pseudomonadota,Gammaproteobacteria,pA,NA,CP123954.1,54.339,58.7479,76,NA,NA,NA,76,NA
Pseudomonas amygdali,Bacteria,Pseudomonadota,Gammaproteobacteria,p3,NZ_CP084215.1,CP084215,54.338,54.3874,60,NA,NA,NA,62,2
Pseudomonas canadensis,Bacteria,Pseudomonadota,Gammaproteobacteria,unnamed,NA,CP133299.1,54.114,51.7112,NA,NA,NA,NA,NA,NA
Pseudomonas aeruginosa,Bacteria,Pseudomonadota,Gammaproteobacteria,pPA-2,NZ_CP097844.1,CP097844,54.03,60.4053,49,NA,NA,NA,52,3
Pseudomonas aeruginosa,Bacteria,Pseudomonadota,Gammaproteobacteria,pPA-1,NZ_CP097845.1,CP097845,54.029,60.4064,48,NA,NA,NA,52,4
Pseudomonas aeruginosa,Bacteria,Pseudomonadota,Gammaproteobacteria,pHPA0875-2,NA,CP137496.1,53.989,58.6101,43,NA,NA,NA,50,NA
Pseudomonas aeruginosa,Bacteria,Pseudomonadota,Gammaproteobacteria,unnamed,NZ_CP093019.1,CP093019,53.931,58.6527,83,NA,4,NA,90,3
Pseudomonas aeruginosa,Bacteria,Pseudomonadota,Gammaproteobacteria,ppae02,NA,CP133096.1,53.919,59.2889,66,NA,NA,NA,67,NA
Pseudomonas aeruginosa,Bacteria,Pseudomonadota,Gammaproteobacteria,pSE5419-1,NZ_CP081347.1,CP081347,53.86,58.7765,68,NA,NA,NA,70,2
Pseudomonas amygdali pv. lachrymans,Bacteria,Pseudomonadota,Gammaproteobacteria,pPlaYM7902C,NA,CP127048.1,53.818,54.7623,59,NA,NA,NA,59,NA
Pseudomonas aeruginosa,Bacteria,Pseudomonadota,Gammaproteobacteria,pHN148-P2,NZ_CP151649.1,CP151649,53.631,59.5495,65,NA,NA,NA,66,1
Pseudomonas syringae CC1557,Bacteria,Pseudomonadota,Gammaproteobacteria,pCC1557,NZ_CP007015.1,CP007015,53.629,54.0752,60,NA,NA,NA,64,4
Pseudomonas aeruginosa,Bacteria,Pseudomonadota,Gammaproteobacteria,p2,NZ_CP077973.1,CP077973,53.593,58.9293,69,NA,NA,NA,70,1
Pseudomonas aeruginosa,Bacteria,Pseudomonadota,Gammaproteobacteria,p1,NZ_CP077989.1,CP077989,53.491,58.9034,70,NA,NA,NA,72,2
Pseudomonas aeruginosa,Bacteria,Pseudomonadota,Gammaproteobacteria,unnamed1,NA,CP124644.1,53.481,60.7057,62,NA,NA,NA,67,NA
Pseudomonas fragi,Bacteria,Pseudomonadota,Gammaproteobacteria,pAd12,NZ_CP104862.1,CP104862,53.349,54.9514,73,NA,NA,NA,73,NA
Pseudomonas ficuserectae,Bacteria,Pseudomonadota,Gammaproteobacteria,pZJDX3,NZ_CP085687.1,CP085687,53.27,54.5279,55,NA,NA,NA,58,NA
Pseudomonas aeruginosa,Bacteria,Pseudomonadota,Gammaproteobacteria,p2,NZ_CP077996.1,CP077996,52.983,58.2866,69,NA,NA,NA,70,1
Pseudomonas aeruginosa,Bacteria,Pseudomonadota,Gammaproteobacteria,unnamed1,NA,CP124656.1,52.756,59.1648,81,NA,4,NA,86,NA
Pseudomonas putida,Bacteria,Pseudomonadota,Gammaproteobacteria,pIEC33019,NZ_CP016446.1,CP016446,52.71,59.1709,57,NA,NA,NA,61,4
Pseudomonas syringae pv. syringae HS191,Bacteria,Pseudomonadota,Gammaproteobacteria,unnamed,NZ_CP006257.1,CP006257,52.548,54.3808,63,NA,NA,NA,65,2
Pseudomonas aeruginosa,Bacteria,Pseudomonadota,Gammaproteobacteria,pZPPH14-KPC,NZ_CP077982.1,CP077982,52.491,59.3245,60,NA,NA,NA,65,5
Pseudomonas aeruginosa,Bacteria,Pseudomonadota,Gammaproteobacteria,pR20-14,NZ_CP094852.1,CP094852,52.416,59.3235,62,NA,NA,NA,67,NA
Pseudomonas aeruginosa,Bacteria,Pseudomonadota,Gammaproteobacteria,pZPPH2-KPC,NZ_CP077986.1,CP077986,52.415,59.3208,61,NA,NA,NA,65,4
Pseudomonas aeruginosa,Bacteria,Pseudomonadota,Gammaproteobacteria,pZPPH1-KPC,NZ_CP077990.1,CP077990,52.415,59.317,61,NA,NA,NA,65,4
Pseudomonas aeruginosa,Bacteria,Pseudomonadota,Gammaproteobacteria,pZPPH33-KPC,NZ_CP077974.1,CP077974,52.415,59.3189,61,NA,NA,NA,65,4
Pseudomonas savastanoi pv. phaseolicola 1448A,Bacteria,Pseudomonadota,Gammaproteobacteria,small,NC_007275.1,CP000060,51.711,55.9591,60,NA,NA,NA,62,2
Pseudomonas coronafaciens pv. oryzae str. 1_6,Bacteria,Pseudomonadota,Gammaproteobacteria,pPor1_6,NZ_CP046036.1,CP046036,51.521,54.6418,54,NA,NA,NA,57,3
Pseudomonas aeruginosa,Bacteria,Pseudomonadota,Gammaproteobacteria,pPA1045-2,NA,CP129996.1,51.443,59.4658,NA,NA,NA,NA,NA,NA
Pseudomonas sp. A2,Bacteria,Pseudomonadota,Gammaproteobacteria,unnamed4,NZ_CP039131.1,CP039131,51.421,57.7099,36,NA,NA,NA,46,10
Pseudomonas syringae pv. helianthi,Bacteria,Pseudomonadota,Gammaproteobacteria,pHelC,NZ_CP092921.1,CP092921,51.306,54.3055,57,NA,NA,NA,62,5
Pseudomonas aeruginosa,Bacteria,Pseudomonadota,Gammaproteobacteria,unnamed2,NZ_CP081479.1,CP081479,51.187,59.3666,63,NA,NA,NA,64,1
Pseudomonas aeruginosa,Bacteria,Pseudomonadota,Gammaproteobacteria,unnamed2,NZ_CP081204.1,CP081204,51.183,59.3693,63,NA,NA,NA,64,1
Pseudomonas aeruginosa,Bacteria,Pseudomonadota,Gammaproteobacteria,pF077_1,NZ_CP115194.1,CP115194,51.16,58.0551,64,NA,NA,NA,67,NA
Pseudomonas aeruginosa,Bacteria,Pseudomonadota,Gammaproteobacteria,pBT4068,NZ_CM019124.1,CM019124,51.059,59.5683,66,NA,NA,NA,69,3
Pseudomonas aeruginosa,Bacteria,Pseudomonadota,Gammaproteobacteria,pKB-PA_3-1,NZ_CP086017.1,CP086017,50.936,59.5689,64,NA,NA,NA,67,3
Pseudomonas aeruginosa,Bacteria,Pseudomonadota,Gammaproteobacteria,pF092021-1,NZ_CP081288.1,CP081288,50.754,59.481,67,NA,NA,NA,69,2
Pseudomonas fulva,Bacteria,Pseudomonadota,Gammaproteobacteria,pNY5939-VIM,NZ_CP161881.1,CP161881,50.709,56.9426,58,NA,NA,NA,60,NA
Pseudomonas fulva,Bacteria,Pseudomonadota,Gammaproteobacteria,pVIM-1-ZDHY316,NZ_CP064944.1,CP064944,50.708,56.9437,55,NA,NA,NA,60,5
Pseudomonas avellanae,Bacteria,Pseudomonadota,Gammaproteobacteria,p2NCPPB4222,NZ_CP091149.1,CP091149,50.625,54.5047,50,NA,NA,NA,65,15
Pseudomonas aeruginosa,Bacteria,Pseudomonadota,Gammaproteobacteria,unnamed B,NA,CP080284.1,50.604,59.523,67,NA,NA,NA,67,NA
Pseudomonas aeruginosa,Bacteria,Pseudomonadota,Gammaproteobacteria,pF052_1,NZ_CP115228.1,CP115228,50.469,58.5983,65,NA,NA,NA,66,NA
Pseudomonas aeruginosa,Bacteria,Pseudomonadota,Gammaproteobacteria,pHPA0310-2,NA,CP137511.1,50.152,59.4612,66,NA,NA,NA,66,NA
Pseudomonas aeruginosa,Bacteria,Pseudomonadota,Gammaproteobacteria,pMS14403A,NZ_CP049162.1,CP049162,50.13,59.601,59,NA,NA,NA,60,1
Pseudomonas aeruginosa,Bacteria,Pseudomonadota,Gammaproteobacteria,pPAT23,NZ_CP043482.1,CP043482,49.805,59.3796,63,NA,NA,NA,64,1
Pseudomonas aeruginosa,Bacteria,Pseudomonadota,Gammaproteobacteria,pPAT169,NZ_CP043548.1,CP043548,49.805,59.3896,63,NA,NA,NA,64,1
Pseudomonas aeruginosa,Bacteria,Pseudomonadota,Gammaproteobacteria,p2,NZ_CP077979.1,CP077979,49.798,59.6389,63,NA,NA,NA,64,1
Pseudomonas amygdali pv. aesculi,Bacteria,Pseudomonadota,Gammaproteobacteria,pPae1804X,NZ_CP123210.1,CP123210,49.732,53.8446,44,NA,NA,NA,54,NA
Pseudomonas amygdali pv. aesculi,Bacteria,Pseudomonadota,Gammaproteobacteria,pGYL5,NZ_CP093437.1,CP093437,49.73,53.8528,44,NA,NA,NA,53,9
Pseudomonas amygdali pv. aesculi,Bacteria,Pseudomonadota,Gammaproteobacteria,pPae2203X,NZ_CP123220.1,CP123220,49.73,53.8508,44,NA,NA,NA,53,NA
Pseudomonas amygdali pv. aesculi,Bacteria,Pseudomonadota,Gammaproteobacteria,pPae2250X,NZ_CP123223.1,CP123223,49.726,53.8471,43,NA,NA,NA,53,NA
Pseudomonas monteilii,Bacteria,Pseudomonadota,Gammaproteobacteria,pL2757hy,NA,CP146842.1,49.704,60.2527,64,NA,NA,NA,65,1
Pseudomonas aeruginosa,Bacteria,Pseudomonadota,Gammaproteobacteria,pP33-1,NZ_CP065413.1,CP065413,49.654,61.7473,60,NA,NA,NA,60,NA
Pseudomonas syringae pv. syringae,Bacteria,Pseudomonadota,Gammaproteobacteria,p127_3,NZ_CM008380.1,CM008380,49.546,60.0815,41,NA,NA,NA,41,NA
Pseudomonas aeruginosa,Bacteria,Pseudomonadota,Gammaproteobacteria,pSRRSH1002-KPC,NZ_CP064398.1,CP064398,49.37,57.9056,54,NA,NA,NA,64,10
Pseudomonas aeruginosa,Bacteria,Pseudomonadota,Gammaproteobacteria,pPA30_2,NZ_CP104872.1,CP104872,49.37,57.9036,53,NA,NA,NA,63,10
Pseudomonas aeruginosa,Bacteria,Pseudomonadota,Gammaproteobacteria,pHPA0384-2,NA,CP137501.1,49.266,59.2417,65,NA,NA,NA,65,NA
Pseudomonas aeruginosa,Bacteria,Pseudomonadota,Gammaproteobacteria,pHPA0118-2,NA,CP137523.1,49.266,59.2417,65,NA,NA,NA,65,NA
Pseudomonas aeruginosa,Bacteria,Pseudomonadota,Gammaproteobacteria,pHPA0875-3,NA,CP137497.1,49.266,59.2417,65,NA,NA,NA,65,NA
Pseudomonas aeruginosa,Bacteria,Pseudomonadota,Gammaproteobacteria,pPA3448,NZ_CM007350.1,CM007350,49.094,58.8972,59,NA,NA,NA,60,1
Pseudomonas aeruginosa,Bacteria,Pseudomonadota,Gammaproteobacteria,pP9Me2,NZ_CP118640.1,CP118640,49.064,59.3796,66,NA,NA,NA,67,NA
Pseudomonas aeruginosa,Bacteria,Pseudomonadota,Gammaproteobacteria,pPA7790,NZ_CP015000.1,CP015000,49.021,58.8972,60,NA,NA,NA,61,1
Pseudomonas amygdali pv. lachrymans,Bacteria,Pseudomonadota,Gammaproteobacteria,pPAL8-03,NZ_CP075689.1,CP075689,49,54.4776,47,NA,NA,NA,56,9
Pseudomonas aeruginosa,Bacteria,Pseudomonadota,Gammaproteobacteria,pSRPA1308-2,NZ_CP158573.1,CP158573,48.974,58.4494,65,NA,NA,NA,66,1
Pseudomonas aeruginosa,Bacteria,Pseudomonadota,Gammaproteobacteria,unnamed1,NZ_CP056099.1,CP056099,48.459,59.4791,66,NA,NA,NA,68,2
Pseudomonas aeruginosa,Bacteria,Pseudomonadota,Gammaproteobacteria,pP33-2,NZ_CP065414.1,CP065414,48.306,58.9057,60,NA,NA,NA,64,4
Pseudomonas aeruginosa,Bacteria,Pseudomonadota,Gammaproteobacteria,pF021,NZ_CP115268.1,CP115268,48.184,59.9431,60,NA,NA,NA,63,NA
Pseudomonas aeruginosa,Bacteria,Pseudomonadota,Gammaproteobacteria,pF077_2,NZ_CP115195.1,CP115195,48.132,58.6803,61,NA,NA,NA,62,NA
Pseudomonas cerasi,Bacteria,Pseudomonadota,Gammaproteobacteria,PP5,NZ_LT963400.1,LT963400,48.121,55.0176,45,NA,NA,NA,53,8
Pseudomonas amygdali pv. lachrymans,Bacteria,Pseudomonadota,Gammaproteobacteria,pPlaYM7902D,NA,CP127049.1,47.967,54.2435,48,NA,NA,NA,54,NA
Pseudomonas aeruginosa,Bacteria,Pseudomonadota,Gammaproteobacteria,p2014S06-172-1,NZ_CP131789.1,CP131789,47.722,59.4527,66,NA,NA,NA,67,1
Pseudomonas sp. MPC6,Bacteria,Pseudomonadota,Gammaproteobacteria,pMPC6-47K,NZ_CP034781.1,CP034781,47.564,54.7158,49,NA,NA,NA,49,NA
Pseudomonas aeruginosa,Bacteria,Pseudomonadota,Gammaproteobacteria,pPA1609-47,NZ_CP090651.1,CP090651,47.543,58.6417,54,NA,NA,NA,56,2
Pseudomonas aeruginosa,Bacteria,Pseudomonadota,Gammaproteobacteria,p3,NZ_CP077991.1,CP077991,47.501,62.6282,62,NA,NA,NA,63,1
Pseudomonas aeruginosa,Bacteria,Pseudomonadota,Gammaproteobacteria,unnamed,NZ_CP089066.2,CP089066,47.495,59.3684,65,NA,NA,NA,65,NA
Pseudomonas aeruginosa,Bacteria,Pseudomonadota,Gammaproteobacteria,pCFE167,NZ_CP093359.1,CP093359,47.445,59.2686,64,NA,NA,NA,65,1
Pseudomonas aeruginosa,Bacteria,Pseudomonadota,Gammaproteobacteria,pF052_2,NZ_CP115229.1,CP115229,46.934,57.8408,58,NA,NA,NA,60,NA
Pseudomonas aeruginosa,Bacteria,Pseudomonadota,Gammaproteobacteria,pF003,NZ_CP115290.1,CP115290,46.854,58.9448,59,NA,NA,NA,60,NA
Pseudomonas paraeruginosa,Bacteria,Pseudomonadota,Gammaproteobacteria,pCR1,NZ_CP020561.2,CP020561,46.804,59.1894,60,NA,NA,NA,63,4
Pseudomonas syringae pv. tagetis,Bacteria,Pseudomonadota,Gammaproteobacteria,pTagB,NZ_CP092925.1,CP092925,46.781,54.9753,58,NA,NA,NA,59,1
Pseudomonas aeruginosa,Bacteria,Pseudomonadota,Gammaproteobacteria,pPA027,NZ_CP089237.1,CP089237,46.776,58.9084,54,NA,NA,NA,55,1
Pseudomonas aeruginosa,Bacteria,Pseudomonadota,Gammaproteobacteria,unnamed1,NZ_CP024631.1,CP024631,46.627,59.1331,62,NA,NA,NA,64,2
Pseudomonas syringae pv. syringae SM,Bacteria,Pseudomonadota,Gammaproteobacteria,pSM1,NZ_CM001987.1,CM001987,46.56,54.4781,58,NA,NA,NA,60,2
Pseudomonas cannabina pv. alisalensis,Bacteria,Pseudomonadota,Gammaproteobacteria,pPma4326A,NZ_CP084325.1,CP084325,46.546,55.0745,55,NA,NA,NA,56,1
Pseudomonas syringae pv. maculicola str. ES4326,Bacteria,Pseudomonadota,Gammaproteobacteria,pPma4326A,NZ_CP047262.1,CP047262,46.546,55.0745,54,NA,NA,NA,55,1
Pseudomonas syringae pv. helianthi,Bacteria,Pseudomonadota,Gammaproteobacteria,pHelD,NZ_CP092922.1,CP092922,46.237,55.0836,53,NA,NA,NA,54,1
Pseudomonas putida,Bacteria,Pseudomonadota,Gammaproteobacteria,unnamed2,NA,CP142112.1,46.235,57.6252,49,NA,1,NA,51,NA
Pseudomonas putida,Bacteria,Pseudomonadota,Gammaproteobacteria,unnamed3,NZ_CP047314.1,CP047314,46.207,57.7337,48,NA,NA,NA,51,3
Pseudomonas coronafaciens pv. coronafaciens,Bacteria,Pseudomonadota,Gammaproteobacteria,unnamed2,NZ_CP046443.1,CP046443,45.971,55.4524,53,NA,NA,NA,54,1
Pseudomonas amygdali pv. morsprunorum,Bacteria,Pseudomonadota,Gammaproteobacteria,p3_tig5,NZ_CP026560.1,CP026560,45.535,56.3632,52,NA,NA,NA,53,1
Pseudomonas syringae pv. syringae,Bacteria,Pseudomonadota,Gammaproteobacteria,p1,NZ_CP066264.1,CP066264,45.481,54.8383,53,NA,NA,NA,53,NA
Pseudomonas aeruginosa,Bacteria,Pseudomonadota,Gammaproteobacteria,pF010_2,NZ_CP115282.1,CP115282,44.736,64.7555,55,NA,NA,NA,58,NA
Pseudomonas aeruginosa,Bacteria,Pseudomonadota,Gammaproteobacteria,pSRRSH1408-KPC,NZ_CP064396.1,CP064396,44.426,58.0741,49,NA,NA,NA,57,8
Pseudomonas monteilii,Bacteria,Pseudomonadota,Gammaproteobacteria,pSTW0522-72-3,NZ_AP022476.1,AP022476,44.219,58.5812,57,NA,NA,NA,58,1
Pseudomonas syringae USA011,Bacteria,Pseudomonadota,Gammaproteobacteria,pUSA011-1,NZ_CP045800.1,CP045800,44.089,54.0792,50,NA,NA,NA,52,2
Pseudomonas syringae pv. avii,Bacteria,Pseudomonadota,Gammaproteobacteria,PP1,NZ_LT963403.1,LT963403,43.975,56.0364,46,NA,NA,NA,53,7
Pseudomonas fluorescens R124,Bacteria,Pseudomonadota,Gammaproteobacteria,pMP-R124,NZ_CM001562.1,CM001562,43.794,53.6877,53,NA,NA,NA,54,1
Pseudomonas aeruginosa,Bacteria,Pseudomonadota,Gammaproteobacteria,pZM21,NZ_CP141684.1,CP141684,43.571,59.0576,51,NA,NA,NA,61,NA
Pseudomonas syringae USA011,Bacteria,Pseudomonadota,Gammaproteobacteria,pUSA011-2,NZ_CP045801.1,CP045801,43.372,53.9864,50,NA,NA,NA,50,NA
Pseudomonas aeruginosa,Bacteria,Pseudomonadota,Gammaproteobacteria,p34Pae23-KPC,NZ_CP095773.1,CP095773,42.977,59.0642,50,NA,NA,NA,56,6
Pseudomonas aeruginosa,Bacteria,Pseudomonadota,Gammaproteobacteria,pPAC1.3b,NA,CP097559.1,42.805,63.551,63,NA,NA,NA,63,NA
Pseudomonas avellanae,Bacteria,Pseudomonadota,Gammaproteobacteria,p4_tig8,NZ_CP026566.1,CP026566,42.783,54.4095,42,NA,NA,NA,50,8
Pseudomonas aeruginosa,Bacteria,Pseudomonadota,Gammaproteobacteria,p34Pae8-KPC,NZ_CP095775.1,CP095775,42.729,59.1004,48,NA,NA,NA,54,6
Pseudomonas aeruginosa,Bacteria,Pseudomonadota,Gammaproteobacteria,pSE5419-3,NZ_CP081349.1,CP081349,42.487,53.5199,39,NA,NA,NA,53,14
Pseudomonas sp. BYT-5,Bacteria,Pseudomonadota,Gammaproteobacteria,pBYT5-4,NZ_CP097493.1,CP097493,42.449,62.336,14,NA,NA,NA,35,21
Pseudomonas viridiflava,Bacteria,Pseudomonadota,Gammaproteobacteria,pDR208,NZ_CP097287.1,CP097287,42.253,54.8671,55,NA,NA,NA,55,NA
Pseudomonas aeruginosa,Bacteria,Pseudomonadota,Gammaproteobacteria,unnamed,NZ_CP080290.1,CP080290,41.938,58.3075,46,NA,NA,NA,56,10
Pseudomonas sp. BYT-1,Bacteria,Pseudomonadota,Gammaproteobacteria,pBYT1-3,NZ_CP072562.1,CP072562,41.774,54.3328,46,NA,NA,NA,49,3
Pseudomonas sp. BYT-5,Bacteria,Pseudomonadota,Gammaproteobacteria,pBYT5-5,NZ_CP097494.1,CP097494,41.774,54.3328,46,NA,NA,NA,49,3
Pseudomonas aeruginosa,Bacteria,Pseudomonadota,Gammaproteobacteria,unnamed1,NZ_CP027173.1,CP027173,41.559,60.7979,46,NA,NA,NA,48,2
Pseudomonas sp. DR208,Bacteria,Pseudomonadota,Gammaproteobacteria,pDR208,NZ_CP081945.1,CP081945,41.441,55.0711,51,NA,NA,NA,51,NA
Pseudomonas aeruginosa,Bacteria,Pseudomonadota,Gammaproteobacteria,unnamed1,NA,CP124653.1,41.411,61.2977,64,NA,NA,NA,65,NA
Pseudomonas aeruginosa,Bacteria,Pseudomonadota,Gammaproteobacteria,p3541_2,NA,OX638612.1,41.313,59.1412,52,NA,NA,NA,53,1
Pseudomonas syringae pv. avii,Bacteria,Pseudomonadota,Gammaproteobacteria,PP5,NZ_LT963407.1,LT963407,41.285,54.5016,34,NA,NA,NA,46,12
Pseudomonas aeruginosa,Bacteria,Pseudomonadota,Gammaproteobacteria,unnamed1,NA,CP147602.1,41.271,59.3346,50,NA,NA,NA,50,NA
Pseudomonas cannabina pv. alisalensis,Bacteria,Pseudomonadota,Gammaproteobacteria,unnamed,NZ_CP067023.1,CP067023,41.216,55.3353,34,NA,NA,NA,45,11
Pseudomonas sp. KBS0707,Bacteria,Pseudomonadota,Gammaproteobacteria,unnamed2,NZ_CP041756.1,CP041756,41.171,54.8177,45,NA,NA,NA,45,NA
Pseudomonas aeruginosa,Bacteria,Pseudomonadota,Gammaproteobacteria,unnamed,NZ_CP080012.1,CP080012,41.101,58.4268,44,NA,NA,NA,53,9
Pseudomonas savastanoi pv. savastanoi,Bacteria,Pseudomonadota,Gammaproteobacteria,pPSv_PVFi1,NZ_CP078141.1,CP078141,41.097,53.4808,39,NA,NA,NA,48,9
Pseudomonas aeruginosa,Bacteria,Pseudomonadota,Gammaproteobacteria,pBH6,NZ_CP029714.1,CP029714,41.024,63.4945,48,NA,NA,1,65,16
Pseudomonas aeruginosa,Bacteria,Pseudomonadota,Gammaproteobacteria,pP23-KPC,NZ_CP065418.1,CP065418,40.937,58.4117,46,NA,NA,NA,53,7
Pseudomonas aeruginosa,Bacteria,Pseudomonadota,Gammaproteobacteria,pSRRSH1521,NZ_CP077998.1,CP077998,40.874,61.6235,43,NA,NA,NA,45,2
Pseudomonas amygdali pv. morsprunorum,Bacteria,Pseudomonadota,Gammaproteobacteria,p4_tig6,NZ_CP026561.1,CP026561,40.81,55.0968,41,NA,NA,NA,50,9
Pseudomonas amygdali pv. lachrymans str. M301315,Bacteria,Pseudomonadota,Gammaproteobacteria,pPla107-2,NZ_CP031228.1,CP031228,40.72,54.693,41,NA,NA,NA,49,8
Pseudomonas aeruginosa,Bacteria,Pseudomonadota,Gammaproteobacteria,pPA033,NZ_CP089239.1,CP089239,40.692,59.7759,46,NA,NA,NA,48,2
Pseudomonas syringae,Bacteria,Pseudomonadota,Gammaproteobacteria,p_unamed1,NZ_CP074579.1,CP074579,40.409,52.6145,45,NA,NA,NA,51,6
Pseudomonas aeruginosa,Bacteria,Pseudomonadota,Gammaproteobacteria,pR18-20,NA,CP136015.1,40.346,58.3676,44,NA,NA,NA,51,NA
Pseudomonas aeruginosa,Bacteria,Pseudomonadota,Gammaproteobacteria,p1,NZ_CP040685.1,CP040685,40.18,58.0762,40,NA,NA,NA,51,11
Pseudomonas syringae pv. maculicola,Bacteria,Pseudomonadota,Gammaproteobacteria,unnamed1,NZ_CP067025.1,CP067025,40.085,53.1022,46,NA,NA,NA,47,1
Pseudomonas aeruginosa,Bacteria,Pseudomonadota,Gammaproteobacteria,unnamed1,NA,CP124623.1,39.861,63.3251,56,NA,NA,NA,56,NA
Pseudomonas cannabina pv. alisalensis,Bacteria,Pseudomonadota,Gammaproteobacteria,pPma4326B,NZ_CP084326.1,CP084326,39.848,55.4407,35,NA,NA,NA,46,11
Pseudomonas syringae pv. maculicola str. ES4326,Bacteria,Pseudomonadota,Gammaproteobacteria,pPma4326B,NZ_CP047263.1,CP047263,39.848,55.4407,36,NA,NA,NA,47,11
Pseudomonas syringae pv. pisi str. PP1,Bacteria,Pseudomonadota,Gammaproteobacteria,pPP1-3,NZ_CP034081.1,CP034081,39.003,51.6935,49,NA,NA,NA,50,1
Pseudomonas aeruginosa,Bacteria,Pseudomonadota,Gammaproteobacteria,p94,NZ_CP125362.1,CP125362,38.558,58.7971,47,NA,NA,NA,52,NA
Pseudomonas orientalis,Bacteria,Pseudomonadota,Gammaproteobacteria,p76-1,NZ_CP094352.1,CP094352,38.519,52.1093,41,NA,NA,NA,46,5
Pseudomonas lundensis,Bacteria,Pseudomonadota,Gammaproteobacteria,pPL-38ph,NZ_CP062157.2,CP062157,38.377,58.1624,48,NA,NA,NA,48,NA
Pseudomonas aeruginosa,Bacteria,Pseudomonadota,Gammaproteobacteria,pPA3117_2,NZ_CP159843.1,CP159843,37.887,58.9833,44,NA,NA,NA,49,NA
Pseudomonas juntendi,Bacteria,Pseudomonadota,Gammaproteobacteria,unnamed4,NA,CP125218.1,37.612,59.9516,45,NA,NA,NA,48,3
Pseudomonas aeruginosa,Bacteria,Pseudomonadota,Gammaproteobacteria,pPA64-2,NZ_CP159839.1,CP159839,37.533,59.1053,43,NA,NA,NA,49,NA
Pseudomonas aeruginosa,Bacteria,Pseudomonadota,Gammaproteobacteria,pZS-PA-05,NZ_CP092031.1,CP092031,36.955,61.445,41,NA,NA,NA,42,1
Pseudomonas canadensis,Bacteria,Pseudomonadota,Gammaproteobacteria,unnamed,NA,CP145492.1,36.826,58.8008,40,NA,NA,NA,41,NA
Pseudomonas aeruginosa,Bacteria,Pseudomonadota,Gammaproteobacteria,unnamed1,NA,CP124639.1,36.824,61.4871,40,NA,NA,NA,41,NA
Pseudomonas aeruginosa,Bacteria,Pseudomonadota,Gammaproteobacteria,unnamed1,NA,CP124625.1,36.824,61.4898,40,NA,NA,NA,41,NA
Pseudomonas aeruginosa,Bacteria,Pseudomonadota,Gammaproteobacteria,unnamed1,NA,CP124642.1,36.824,61.4844,40,NA,NA,NA,41,NA
Pseudomonas aeruginosa,Bacteria,Pseudomonadota,Gammaproteobacteria,pJHX613,NZ_CP020602.1,CP020602,36.454,61.3348,42,NA,NA,NA,43,1
Pseudomonas sp. MRSN 12121,Bacteria,Pseudomonadota,Gammaproteobacteria,pMRVIM0812,NZ_CP010893.1,CP010893,36.379,54.6717,39,NA,NA,NA,43,4
Pseudomonas aeruginosa,Bacteria,Pseudomonadota,Gammaproteobacteria,unnamed,NZ_CP033834.1,CP033834,36.032,61.2816,41,NA,NA,NA,47,6
Pseudomonas putida,Bacteria,Pseudomonadota,Gammaproteobacteria,unnamed1,NA,CP142111.1,35.72,61.145,43,NA,NA,NA,45,NA
Pseudomonas mendocina,Bacteria,Pseudomonadota,Gammaproteobacteria,pHN21SC3150TT-1,NA,CP115818.1,35.41,56.2129,NA,NA,NA,NA,NA,NA
Pseudomonas aeruginosa,Bacteria,Pseudomonadota,Gammaproteobacteria,p2,NZ_CP077987.1,CP077987,35.358,56.816,37,NA,NA,NA,42,5
Pseudomonas aeruginosa,Bacteria,Pseudomonadota,Gammaproteobacteria,p4,NZ_CP077992.1,CP077992,35.358,56.816,37,NA,NA,NA,42,5
Pseudomonas aeruginosa,Bacteria,Pseudomonadota,Gammaproteobacteria,p4,NZ_CP077975.1,CP077975,35.358,56.816,37,NA,NA,NA,42,5
Pseudomonas sp. G.S.17,Bacteria,Pseudomonadota,Gammaproteobacteria,pPGS17-1,NZ_CP151077.1,CP151077,35.283,53.3713,43,NA,NA,NA,44,1
Pseudomonas syringae pv. actinidiae ICMP 9853,Bacteria,Pseudomonadota,Gammaproteobacteria,p9853_A,NZ_CP018203.1,CP018203,34.963,54.572,32,NA,NA,NA,38,6
Pseudomonas syringae pv. actinidiae,Bacteria,Pseudomonadota,Gammaproteobacteria,pB26-1,NZ_AP019412.1,AP019412,34.631,55.2973,25,NA,NA,NA,33,8
Pseudomonas aeruginosa,Bacteria,Pseudomonadota,Gammaproteobacteria,p36,NZ_CP125366.1,CP125366,34.09,59.2666,40,NA,NA,NA,43,3
Pseudomonas aeruginosa,Bacteria,Pseudomonadota,Gammaproteobacteria,p156,NZ_CP125364.1,CP125364,34.09,59.2725,40,NA,NA,NA,43,3
Pseudomonas aeruginosa,Bacteria,Pseudomonadota,Gammaproteobacteria,pHPA0698-3,NA,CP137509.1,34.063,59.663,40,NA,NA,NA,43,NA
Pseudomonas aeruginosa,Bacteria,Pseudomonadota,Gammaproteobacteria,p1710,NZ_CP125368.1,CP125368,33.985,59.2291,40,NA,NA,NA,44,4
Pseudomonas syringae pv. actinidiae,Bacteria,Pseudomonadota,Gammaproteobacteria,pB26-2,NZ_AP019413.1,AP019413,33.519,55.1568,37,NA,NA,NA,38,1
Pseudomonas aeruginosa,Bacteria,Pseudomonadota,Gammaproteobacteria,pHN232-2,NZ_CP151545.1,CP151545,33.083,38.9082,NA,NA,NA,NA,NA,NA
Pseudomonas syringae pv. actinidiae ICMP 9853,Bacteria,Pseudomonadota,Gammaproteobacteria,p9853_B,NZ_CP018204.1,CP018204,32.947,55.2888,25,NA,NA,NA,32,7
Pseudomonas aeruginosa,Bacteria,Pseudomonadota,Gammaproteobacteria,pF092021-2,NZ_CP081289.1,CP081289,32.558,62.6328,36,NA,NA,NA,40,4
Pseudomonas sp. HN2-3,Bacteria,Pseudomonadota,Gammaproteobacteria,pHN2-3,NZ_CP085705.1,CP085705,31.784,62.9877,33,NA,1,NA,37,3
Pseudomonas sp. BF61,Bacteria,Pseudomonadota,Gammaproteobacteria,unnamed,NZ_JACOMR010000038.1,NA,31.363,52.7915,32,NA,NA,NA,36,4
Pseudomonas saxonica,Bacteria,Pseudomonadota,Gammaproteobacteria,p_unknown,NA,CP142034.1,31.08,52.0882,34,NA,NA,NA,35,1
Pseudomonas syringae pv. actinidiae ICMP 9617,Bacteria,Pseudomonadota,Gammaproteobacteria,unnamed,NZ_CM002754.1,CM002754,30.848,54.2077,21,NA,NA,NA,30,9
Pseudomonas antarctica,Bacteria,Pseudomonadota,Gammaproteobacteria,pP27494_2,NZ_CP015602.1,CP015602,30.116,49.4289,37,NA,NA,NA,37,NA
Pseudomonas putida,Bacteria,Pseudomonadota,Gammaproteobacteria,pKF715D,NZ_AP015033.1,AP015033,30.071,54.0488,32,NA,NA,NA,35,3
Pseudomonas syringae pv. maculicola,Bacteria,Pseudomonadota,Gammaproteobacteria,unnamed2,NZ_CP067026.1,CP067026,29.787,53.6744,31,NA,NA,NA,34,3
Pseudomonas aeruginosa,Bacteria,Pseudomonadota,Gammaproteobacteria,pSRRSH1101,NZ_CP064394.1,CP064394,29.64,59.9933,36,NA,NA,NA,39,3
Pseudomonas aeruginosa,Bacteria,Pseudomonadota,Gammaproteobacteria,pR31-KPC,NZ_CP061851.1,CP061851,29.402,57.4587,38,NA,NA,NA,42,4
Pseudomonas eucalypticola,Bacteria,Pseudomonadota,Gammaproteobacteria,pPENP1,NZ_CP056031.1,CP056031,28.775,55.9965,35,NA,NA,NA,35,NA
Pseudomonas aeruginosa,Bacteria,Pseudomonadota,Gammaproteobacteria,pFAHZU40-KPC,NZ_CP078008.1,CP078008,28.7,57.0174,28,NA,NA,NA,33,5
Pseudomonas fluorescens,Bacteria,Pseudomonadota,Gammaproteobacteria,pZL222,NZ_CP100662.1,CP100662,28.317,38.7753,20,1,22,NA,46,3
Pseudomonas aeruginosa,Bacteria,Pseudomonadota,Gammaproteobacteria,pNY7583-catB3,NA,CP120882.1,28.293,61.2201,33,NA,NA,NA,36,3
Pseudomonas sp. PD9R,Bacteria,Pseudomonadota,Gammaproteobacteria,unnamed1,NZ_JAHTMR010000034.1,NA,27.284,53.6175,20,NA,NA,NA,22,2
Pseudomonas aeruginosa,Bacteria,Pseudomonadota,Gammaproteobacteria,pSE5381-aadB,NZ_CP121188.1,CP121188,26.62,61.9497,30,NA,NA,NA,34,4
Pseudomonas aeruginosa,Bacteria,Pseudomonadota,Gammaproteobacteria,pNY11384-aadB,NA,CP120884.1,26.618,61.9581,31,NA,NA,NA,34,3
Pseudomonas sp. DY-1,Bacteria,Pseudomonadota,Gammaproteobacteria,p.1,NZ_CP032615.1,CP032615,26.35,56.8008,41,NA,NA,NA,43,2
Pseudomonas aeruginosa,Bacteria,Pseudomonadota,Gammaproteobacteria,pSE5418-aacA3,NZ_CP123896.1,CP123896,25.355,62.5242,29,NA,NA,NA,34,NA
Pseudomonas sp. A2,Bacteria,Pseudomonadota,Gammaproteobacteria,unnamed3,NZ_CP039130.1,CP039130,25.147,57.9433,12,NA,NA,NA,21,9
Pseudomonas aeruginosa,Bacteria,Pseudomonadota,Gammaproteobacteria,pNY8688-IMP,NA,CP096910.1,24.897,62.5778,29,NA,NA,NA,31,2
Pseudomonas aeruginosa,Bacteria,Pseudomonadota,Gammaproteobacteria,2,NZ_LS998784.1,LS998784,24.853,57.0635,30,NA,NA,NA,33,3
Pseudomonas lundensis,Bacteria,Pseudomonadota,Gammaproteobacteria,pPL-24mi,NZ_CP075181.1,CP075181,24.683,55.443,29,NA,NA,NA,31,2
Pseudomonas lundensis,Bacteria,Pseudomonadota,Gammaproteobacteria,pPL-24mi,NZ_CP075179.1,CP075179,24.681,55.4394,29,NA,NA,NA,31,2
Pseudomonas aeruginosa,Bacteria,Pseudomonadota,Gammaproteobacteria,pFAHZU31-KPC,NZ_CP078010.1,CP078010,24.35,60.4189,32,NA,NA,NA,36,4
Pseudomonas aeruginosa,Bacteria,Pseudomonadota,Gammaproteobacteria,unnamed1,NZ_CP116719.1,CP116719,24.299,51.6811,27,NA,NA,NA,30,NA
Pseudomonas aeruginosa,Bacteria,Pseudomonadota,Gammaproteobacteria,unnamed1,NZ_CP116716.1,CP116716,24.068,59.8056,26,NA,NA,NA,26,NA
Pseudomonas sp. Z8(2022),Bacteria,Pseudomonadota,Gammaproteobacteria,unnamed1,NZ_CP107550.1,CP107550,22.517,57.33,29,NA,NA,NA,29,NA
Pseudomonas aeruginosa,Bacteria,Pseudomonadota,Gammaproteobacteria,unnamed1,NA,CP147624.1,22.229,55.4726,21,NA,NA,NA,27,6
Pseudomonas aeruginosa,Bacteria,Pseudomonadota,Gammaproteobacteria,unnamed1,NA,CP147627.1,22.229,55.4726,21,NA,NA,NA,27,6
Pseudomonas viciae,Bacteria,Pseudomonadota,Gammaproteobacteria,p11K1,NZ_CP035089.1,CP035089,22.045,53.1867,28,NA,NA,NA,30,2
Pseudomonas aeruginosa,Bacteria,Pseudomonadota,Gammaproteobacteria,pHN232-3,NZ_CP151546.1,CP151546,21.419,55.4461,22,NA,NA,NA,22,NA
Pseudomonas aeruginosa,Bacteria,Pseudomonadota,Gammaproteobacteria,pUKJ55_2,NZ_CP141074.1,CP141074,21.408,55.3672,15,NA,NA,NA,21,NA
Pseudomonas sp. MRSN 12121,Bacteria,Pseudomonadota,Gammaproteobacteria,unnamed,NZ_CP010894.1,CP010894,21.121,62.7811,26,NA,NA,NA,26,NA
Pseudomonas aeruginosa,Bacteria,Pseudomonadota,Gammaproteobacteria,pHN232-4,NZ_CP151547.1,CP151547,21.051,56.8097,17,NA,NA,NA,17,NA
Pseudomonas juntendi,Bacteria,Pseudomonadota,Gammaproteobacteria,pHNGDW697-2,NA,CP118679.1,20.743,54.6546,18,NA,NA,NA,19,NA
Pseudomonas avellanae,Bacteria,Pseudomonadota,Gammaproteobacteria,p5_tig9,NZ_CP026567.1,CP026567,20.491,52.7841,17,NA,NA,NA,19,2
Pseudomonas aeruginosa,Bacteria,Pseudomonadota,Gammaproteobacteria,unnamed3,NZ_CP056097.1,CP056097,19.841,65.3546,24,NA,NA,NA,26,2
Pseudomonas putida,Bacteria,Pseudomonadota,Gammaproteobacteria,unnamed,NZ_CP043577.1,CP043577,19.249,53.5404,16,NA,NA,NA,16,NA
Pseudomonas bubulae,Bacteria,Pseudomonadota,Gammaproteobacteria,p_contig_3,NA,CP146076.1,19.075,56.5609,20,NA,NA,NA,22,2
Pseudomonas sp. DR48,Bacteria,Pseudomonadota,Gammaproteobacteria,pDR48-1,NZ_CP081947.1,CP081947,19.029,67.1081,14,NA,1,NA,16,1
Pseudomonas sp. TMP25,Bacteria,Pseudomonadota,Gammaproteobacteria,pPTMP25-1,NZ_CP150892.1,CP150892,18.994,55.5017,15,NA,NA,NA,16,NA
Pseudomonas cerasi,Bacteria,Pseudomonadota,Gammaproteobacteria,PP6,NZ_LT963401.1,LT963401,18.36,55.3377,21,NA,NA,NA,25,4
Pseudomonas sp. A2,Bacteria,Pseudomonadota,Gammaproteobacteria,unnamed2,NZ_CP039129.1,CP039129,18.332,45.5924,22,NA,NA,NA,24,2
Pseudomonas juntendi,Bacteria,Pseudomonadota,Gammaproteobacteria,unnamed2,NA,CP125216.1,17.415,62.205,14,NA,NA,NA,14,NA
Pseudomonas chlororaphis,Bacteria,Pseudomonadota,Gammaproteobacteria,unnamed,NZ_CP011111.1,CP011111,16.587,56.3212,12,NA,1,NA,13,NA
Pseudomonas aeruginosa,Bacteria,Pseudomonadota,Gammaproteobacteria,pPA3117_3,NZ_CP159844.1,CP159844,16.533,56.3661,5,NA,NA,NA,5,NA
Pseudomonas fragi,Bacteria,Pseudomonadota,Gammaproteobacteria,unnamed3,NZ_CP021135.1,CP021135,16.437,56.7074,17,NA,NA,NA,19,2
Pseudomonas aeruginosa,Bacteria,Pseudomonadota,Gammaproteobacteria,pPA3117_4,NZ_CP159845.1,CP159845,16.165,49.4525,11,NA,NA,NA,14,NA
Pseudomonas sp. A2,Bacteria,Pseudomonadota,Gammaproteobacteria,unnamed1,NZ_CP039128.1,CP039128,14.898,61.7868,6,NA,NA,NA,17,11
Pseudomonas aeruginosa,Bacteria,Pseudomonadota,Gammaproteobacteria,pF064,NZ_CP115212.1,CP115212,14.596,58.6531,14,NA,NA,NA,19,NA
Pseudomonas aeruginosa,Bacteria,Pseudomonadota,Gammaproteobacteria,unnamed1,NZ_CP117975.1,CP117975,14.38,58.9291,17,NA,NA,NA,18,NA
Pseudomonas aeruginosa,Bacteria,Pseudomonadota,Gammaproteobacteria,pF022,NZ_CP115266.1,CP115266,13.65,55.7802,9,NA,NA,NA,15,NA
Pseudomonas coleopterorum,Bacteria,Pseudomonadota,Gammaproteobacteria,pdj13,NA,CP134082.1,12.938,52.2183,16,NA,NA,NA,16,NA
Pseudomonas fluorescens,Bacteria,Pseudomonadota,Gammaproteobacteria,pZL221,NZ_CP100661.1,CP100661,12.79,30.8053,11,NA,NA,NA,11,NA
Pseudomonas sp. TCU-HL1,Bacteria,Pseudomonadota,Gammaproteobacteria,pTCUH,NZ_CP015993.1,CP015993,12.69,58.156,18,NA,NA,NA,20,2
Pseudomonas syringae pv. syringae,Bacteria,Pseudomonadota,Gammaproteobacteria,p126,NZ_CM008381.1,CM008381,12.433,59.4868,16,NA,NA,NA,17,1
Pseudomonas aeruginosa,Bacteria,Pseudomonadota,Gammaproteobacteria,p2,NZ_CP077984.1,CP077984,12.333,59.7097,10,NA,NA,NA,11,1
Pseudomonas aeruginosa,Bacteria,Pseudomonadota,Gammaproteobacteria,pF045_2,NZ_CP115241.1,CP115241,12.286,68.7286,15,NA,NA,NA,15,NA
Pseudomonas cerasi,Bacteria,Pseudomonadota,Gammaproteobacteria,p58T6,NZ_LT222318.1,LT222318,11.314,55.0734,16,NA,NA,NA,19,3
Pseudomonas aeruginosa,Bacteria,Pseudomonadota,Gammaproteobacteria,unnamed2,NA,CP124634.1,10.575,63.2057,14,NA,NA,NA,15,NA
Pseudomonas aeruginosa,Bacteria,Pseudomonadota,Gammaproteobacteria,unnamed1,NA,CP124627.1,10.575,63.2057,14,NA,NA,NA,15,NA
Pseudomonas bubulae,Bacteria,Pseudomonadota,Gammaproteobacteria,p_contig_2,NA,CP146073.1,10.391,56.4142,13,NA,NA,NA,13,NA
Pseudomonas aeruginosa,Bacteria,Pseudomonadota,Gammaproteobacteria,pHPA2120-2,NA,CP137488.1,10.248,58.265,14,NA,NA,NA,14,NA
Pseudomonas sp. DR48,Bacteria,Pseudomonadota,Gammaproteobacteria,pDR48-2,NZ_CP081948.1,CP081948,10.05,67.1741,10,NA,NA,NA,10,NA
Pseudomonas amygdali pv. lachrymans,Bacteria,Pseudomonadota,Gammaproteobacteria,pPlaYM7902E,NA,CP127050.1,10.027,53.5055,14,NA,NA,NA,14,NA
Pseudomonas amygdali pv. lachrymans,Bacteria,Pseudomonadota,Gammaproteobacteria,pPAL8-04,NZ_CP075690.1,CP075690,9.6,55.1667,9,NA,NA,NA,12,3
Pseudomonas fragi,Bacteria,Pseudomonadota,Gammaproteobacteria,pLKYC.ZH,NZ_CP141900.1,CP141900,9.18,55.5556,13,NA,NA,NA,13,NA
Pseudomonas serbica,Bacteria,Pseudomonadota,Gammaproteobacteria,unnamed2,NZ_JAQIYM010000033.1,NA,8.457,53.9908,9,NA,NA,NA,9,NA
Pseudomonas aeruginosa,Bacteria,Pseudomonadota,Gammaproteobacteria,pHPA1406-2,NA,CP137492.1,8.42,55.285,4,NA,NA,NA,5,NA
Pseudomonas aeruginosa,Bacteria,Pseudomonadota,Gammaproteobacteria,pHPA0384-3,NA,CP137502.1,8.39,55.3039,4,NA,NA,NA,5,NA
Pseudomonas cannabina pv. alisalensis,Bacteria,Pseudomonadota,Gammaproteobacteria,pPma4326C,NZ_CP084327.1,CP084327,8.244,52.8869,9,NA,NA,NA,9,NA
Pseudomonas putida,Bacteria,Pseudomonadota,Gammaproteobacteria,pPD584_L3,NZ_CP115664.1,CP115664,8.219,53.4737,5,NA,NA,NA,7,NA
Pseudomonas putida,Bacteria,Pseudomonadota,Gammaproteobacteria,pPD584,NZ_CP115666.1,CP115666,8.187,53.5239,5,NA,NA,NA,7,NA
Pseudomonas putida,Bacteria,Pseudomonadota,Gammaproteobacteria,pPD689_tt_L1,NZ_CP115662.1,CP115662,8.187,53.5239,5,NA,NA,NA,7,NA
Pseudomonas aeruginosa,Bacteria,Pseudomonadota,Gammaproteobacteria,unnamed2,NA,CP147623.1,8.046,60.0671,6,NA,NA,NA,10,4
Pseudomonas aeruginosa,Bacteria,Pseudomonadota,Gammaproteobacteria,unnamed2,NA,CP147626.1,8.046,60.0671,6,NA,NA,NA,10,4
Pseudomonas sp. CIP-10,Bacteria,Pseudomonadota,Gammaproteobacteria,unnamed3,NZ_CP087163.1,CP087163,8.012,47.5287,NA,3,NA,NA,3,NA
Pseudomonas aeruginosa,Bacteria,Pseudomonadota,Gammaproteobacteria,pB,NA,CP123955.1,7.845,60.7011,8,NA,NA,NA,8,NA
Pseudomonas aeruginosa,Bacteria,Pseudomonadota,Gammaproteobacteria,unnamed1,NZ_CP093025.1,CP093025,7.703,58.8861,13,NA,NA,NA,13,NA
Pseudomonas aeruginosa,Bacteria,Pseudomonadota,Gammaproteobacteria,unnamed1,NA,CP124661.1,7.695,62.5861,13,NA,NA,NA,13,NA
Pseudomonas fulva,Bacteria,Pseudomonadota,Gammaproteobacteria,pNY5087-NR,NZ_CP132349.1,CP132349,7.646,49.3722,10,NA,NA,NA,10,NA
Pseudomonas sp. R76,Bacteria,Pseudomonadota,Gammaproteobacteria,p76,NZ_CP019429.1,CP019429,7.195,47.0744,7,NA,NA,NA,7,NA
Pseudomonas aeruginosa,Bacteria,Pseudomonadota,Gammaproteobacteria,unnamed,NZ_CP143905.1,CP143905,6.958,59.0974,11,NA,NA,NA,11,NA
Pseudomonas aeruginosa,Bacteria,Pseudomonadota,Gammaproteobacteria,unnamed2,NZ_CP093026.1,CP093026,6.951,56.5242,10,NA,NA,NA,10,NA
Pseudomonas aeruginosa,Bacteria,Pseudomonadota,Gammaproteobacteria,unnamed3,NZ_CP093027.1,CP093027,6.855,53.5376,10,NA,NA,NA,10,NA
Pseudomonas aeruginosa,Bacteria,Pseudomonadota,Gammaproteobacteria,pF047,NZ_CP115236.1,CP115236,6.558,59.5151,7,NA,NA,NA,9,NA
Pseudomonas aeruginosa,Bacteria,Pseudomonadota,Gammaproteobacteria,unnamed2,NA,CP124628.1,6.508,53.78,8,NA,NA,NA,8,NA
Pseudomonas aeruginosa,Bacteria,Pseudomonadota,Gammaproteobacteria,pHPA0384-4,NA,CP137503.1,6.406,64.2835,NA,NA,NA,NA,NA,NA
Pseudomonas aeruginosa,Bacteria,Pseudomonadota,Gammaproteobacteria,unnamed3,NA,CP124635.1,6.403,64.3605,NA,NA,NA,NA,1,NA
Pseudomonas aeruginosa,Bacteria,Pseudomonadota,Gammaproteobacteria,unnamed5,NA,CP124631.1,6.402,64.3393,NA,NA,NA,NA,1,NA
Pseudomonas aeruginosa,Bacteria,Pseudomonadota,Gammaproteobacteria,unnamed2,NZ_CP050055.1,CP050055,6.313,36.9872,4,NA,NA,NA,4,NA
Pseudomonas sp. ML2-2023-3,Bacteria,Pseudomonadota,Gammaproteobacteria,p_unnamed_3,NA,CP146346.1,5.944,63.1898,6,NA,NA,NA,6,NA
Pseudomonas aeruginosa,Bacteria,Pseudomonadota,Gammaproteobacteria,unnamed2,NA,CP124645.1,5.808,65.2376,NA,NA,NA,NA,4,NA
Pseudomonas sp. SK2,Bacteria,Pseudomonadota,Gammaproteobacteria,unnamed1,NZ_CP061945.1,CP061945,5.284,73.0696,7,NA,NA,NA,7,NA
Pseudomonas sp. SK2,Bacteria,Pseudomonadota,Gammaproteobacteria,unnamed2,NZ_CP061946.1,CP061946,5.212,70.3377,6,NA,NA,NA,6,NA
Pseudomonas aeruginosa,Bacteria,Pseudomonadota,Gammaproteobacteria,pKB-PA_F19-5,NZ_CP086015.1,CP086015,5.207,56.8273,8,NA,NA,NA,8,NA
Pseudomonas veronii,Bacteria,Pseudomonadota,Gammaproteobacteria,pPVG22,NZ_CP089534.1,CP089534,4.992,48.4375,4,NA,NA,NA,4,NA
Pseudomonas sp. ML2-2023-3,Bacteria,Pseudomonadota,Gammaproteobacteria,p_unnamed_1,NA,CP146344.1,4.958,55.6071,9,NA,NA,NA,9,NA
Pseudomonas cannabina pv. alisalensis,Bacteria,Pseudomonadota,Gammaproteobacteria,pPma4326D,NZ_CP084328.1,CP084328,4.834,57.199,6,NA,NA,NA,6,NA
Pseudomonas aeruginosa,Bacteria,Pseudomonadota,Gammaproteobacteria,unnamed1,NZ_CP050056.1,CP050056,4.786,41.5169,6,NA,NA,NA,6,NA
Pseudomonas fragi,Bacteria,Pseudomonadota,Gammaproteobacteria,unnamed1,NZ_CP064355.1,CP064355,4.48,57.3438,8,NA,NA,NA,8,NA
Pseudomonas monteilii,Bacteria,Pseudomonadota,Gammaproteobacteria,pSTW0522-72-4,NZ_AP022477.1,AP022477,4.48,58.817,5,NA,NA,NA,5,NA
Pseudomonas aeruginosa,Bacteria,Pseudomonadota,Gammaproteobacteria,pK34-7-1,NZ_CP029708.1,CP029708,4.44,30.0676,3,NA,NA,NA,3,NA
Pseudomonas fragi,Bacteria,Pseudomonadota,Gammaproteobacteria,pPFS,NA,CP129921.1,4.399,54.2169,7,NA,NA,NA,7,NA
Pseudomonas bubulae,Bacteria,Pseudomonadota,Gammaproteobacteria,p_contig_3,NA,CP146074.1,4.328,53.6969,2,NA,NA,NA,2,NA
Pseudomonas sp. MPC6,Bacteria,Pseudomonadota,Gammaproteobacteria,pMPC6-4K,NZ_CP034780.1,CP034780,4.268,53.866,3,NA,NA,NA,3,NA
Pseudomonas cannabina pv. alisalensis,Bacteria,Pseudomonadota,Gammaproteobacteria,pPma4326E,NZ_CP084329.1,CP084329,4.217,56.13,6,NA,NA,NA,6,NA
Pseudomonas syringae pv. maculicola str. ES4326,Bacteria,Pseudomonadota,Gammaproteobacteria,pPma4326E,NZ_CP047264.1,CP047264,4.217,56.13,6,NA,NA,NA,6,NA
Pseudomonas asiatica,Bacteria,Pseudomonadota,Gammaproteobacteria,p2_Teo6,NA,CP139778.1,4.132,48.5963,2,NA,NA,NA,2,NA
Pseudomonas fragi,Bacteria,Pseudomonadota,Gammaproteobacteria,pZM1P1,NA,CP129922.1,4.078,58.8033,4,NA,NA,NA,4,NA
Pseudomonas sp. Ap32,Bacteria,Pseudomonadota,Gammaproteobacteria,p_apl32,NA,CP124865.1,3.92,63.0357,5,NA,NA,NA,5,NA
Pseudomonas monsensis,Bacteria,Pseudomonadota,Gammaproteobacteria,pPGSB8459,NZ_CP077088.1,CP077088,3.833,53.6394,4,NA,NA,NA,4,NA
Pseudomonas juntendi,Bacteria,Pseudomonadota,Gammaproteobacteria,unnamed1,NA,CP125215.1,3.767,66.1534,2,NA,NA,NA,4,2
Pseudomonas aeruginosa,Bacteria,Pseudomonadota,Gammaproteobacteria,pBH6,NA,CM003767.1,3.652,55.8598,2,NA,NA,NA,3,1
Pseudomonas juntendi,Bacteria,Pseudomonadota,Gammaproteobacteria,pHNGDW697-3,NA,CP118680.1,3.318,64.8282,4,NA,NA,NA,4,NA
Pseudomonas juntendi,Bacteria,Pseudomonadota,Gammaproteobacteria,p2463-2,NZ_CP091090.1,CP091090,3.305,67.5643,NA,NA,NA,NA,NA,NA
Pseudomonas aeruginosa,Bacteria,Pseudomonadota,Gammaproteobacteria,pHPA0663-2,NA,CP137499.1,3.217,65.4647,2,NA,NA,NA,2,NA
Pseudomonas aeruginosa,Bacteria,Pseudomonadota,Gammaproteobacteria,pHPA2120-3,NA,CP137489.1,3.217,65.4647,2,NA,NA,NA,2,NA
Pseudomonas lundensis,Bacteria,Pseudomonadota,Gammaproteobacteria,pPL-03mi,NZ_CP075178.1,CP075178,3.033,60.4022,3,NA,NA,NA,3,NA
Pseudomonas aeruginosa,Bacteria,Pseudomonadota,Gammaproteobacteria,pP33-3,NZ_CP065415.1,CP065415,3.014,60.7167,3,NA,NA,NA,3,NA
Pseudomonas aeruginosa,Bacteria,Pseudomonadota,Gammaproteobacteria,pP33-4,NZ_CP065416.1,CP065416,2.953,64.7816,3,NA,NA,NA,3,NA
Pseudomonas aeruginosa,Bacteria,Pseudomonadota,Gammaproteobacteria,unnamed2,NZ_JAEVLV010000015.1,NA,2.953,64.7477,3,NA,NA,NA,3,NA
Pseudomonas aeruginosa,Bacteria,Pseudomonadota,Gammaproteobacteria,p2,NZ_CP078001.1,CP078001,2.953,64.7477,3,NA,NA,NA,3,NA
Pseudomonas aeruginosa,Bacteria,Pseudomonadota,Gammaproteobacteria,p3,NZ_CP078011.1,CP078011,2.953,64.7816,3,NA,NA,NA,3,NA
Pseudomonas aeruginosa,Bacteria,Pseudomonadota,Gammaproteobacteria,p5,NZ_CP077993.1,CP077993,2.953,64.7816,3,NA,NA,NA,3,NA
Pseudomonas aeruginosa,Bacteria,Pseudomonadota,Gammaproteobacteria,p3,NZ_CP077980.1,CP077980,2.953,64.7816,3,NA,NA,NA,3,NA
Pseudomonas aeruginosa,Bacteria,Pseudomonadota,Gammaproteobacteria,p5,NZ_CP077976.1,CP077976,2.953,64.7816,3,NA,NA,NA,3,NA
Pseudomonas aeruginosa,Bacteria,Pseudomonadota,Gammaproteobacteria,p3,NZ_CP077983.1,CP077983,2.953,64.7477,3,NA,NA,NA,3,NA
Pseudomonas aeruginosa,Bacteria,Pseudomonadota,Gammaproteobacteria,pSRPA1308-3,NZ_CP158574.1,CP158574,2.953,64.7477,3,NA,NA,NA,3,NA
Pseudomonas koreensis,Bacteria,Pseudomonadota,Gammaproteobacteria,p4,NA,CP027481.1,2.827,40.8207,3,NA,NA,NA,3,NA
Pseudomonas fragi,Bacteria,Pseudomonadota,Gammaproteobacteria,pA29J1,NA,CP129923.1,2.817,50.4792,4,NA,NA,NA,4,NA
Pseudomonas aeruginosa,Bacteria,Pseudomonadota,Gammaproteobacteria,unnamed3,NZ_CP050057.1,CP050057,2.785,41.544,2,NA,NA,NA,2,NA
Pseudomonas aeruginosa,Bacteria,Pseudomonadota,Gammaproteobacteria,p2014S06-172-2,NZ_CP131790.1,CP131790,2.783,61.5882,4,NA,NA,NA,4,NA
Pseudomonas aeruginosa,Bacteria,Pseudomonadota,Gammaproteobacteria,pC,NA,CP123956.1,2.782,61.6822,4,NA,NA,NA,4,NA
Pseudomonas sp. BYT-5,Bacteria,Pseudomonadota,Gammaproteobacteria,pBYT5-6,NZ_CP097495.1,CP097495,2.774,40.9877,2,NA,NA,NA,2,NA
Pseudomonas aeruginosa,Bacteria,Pseudomonadota,Gammaproteobacteria,pKB-PA_F19-3,NZ_CP086013.1,CP086013,2.691,63.9911,3,NA,NA,NA,5,2
Pseudomonas sp. ArH3a,Bacteria,Pseudomonadota,Gammaproteobacteria,pArH3a,NZ_CP080331.1,CP080331,2.628,58.3714,3,NA,NA,NA,3,NA
Pseudomonas aeruginosa,Bacteria,Pseudomonadota,Gammaproteobacteria,pKB-PA_F19-2,NZ_CP086012.1,CP086012,2.519,61.2942,2,NA,NA,NA,3,1
Pseudomonas sp. MM223,Bacteria,Pseudomonadota,Gammaproteobacteria,MM223P,NZ_OX352323.1,OX352323,2.397,47.2674,2,NA,NA,NA,2,NA
Pseudomonas sp. MM221,Bacteria,Pseudomonadota,Gammaproteobacteria,MM221P,NZ_OX352325.1,OX352325,2.396,47.2454,2,NA,NA,NA,2,NA
Pseudomonas aeruginosa,Bacteria,Pseudomonadota,Gammaproteobacteria,pHPA0170-3,NA,CP137516.1,2.358,62.5954,3,NA,NA,NA,3,NA
Pseudomonas putida,Bacteria,Pseudomonadota,Gammaproteobacteria,pWP4-W18-CRE-03_1,NZ_AP022056.1,AP022056,2.292,59.3805,2,NA,NA,NA,2,NA
Pseudomonas veronii,Bacteria,Pseudomonadota,Gammaproteobacteria,pPVG23,NZ_CP089535.1,CP089535,2.15,58.6047,3,NA,NA,NA,3,NA
Pseudomonas aeruginosa,Bacteria,Pseudomonadota,Gammaproteobacteria,unnamed1,NA,CP124650.1,1.992,65.01,1,NA,NA,NA,1,NA
Pseudomonas tremae,Bacteria,Pseudomonadota,Gammaproteobacteria,p2,NZ_CP066269.1,CP066269,1.955,61.9437,1,NA,NA,NA,1,NA
Pseudomonas amygdali pv. lachrymans,Bacteria,Pseudomonadota,Gammaproteobacteria,pPlaYM7902F,NA,CP127051.1,1.906,56.8206,2,NA,NA,NA,2,NA
Pseudomonas aeruginosa,Bacteria,Pseudomonadota,Gammaproteobacteria,pKB-PA_F19-1,NZ_CP086011.1,CP086011,1.851,63.101,NA,NA,NA,NA,3,3
Pseudomonas aeruginosa,Bacteria,Pseudomonadota,Gammaproteobacteria,unnamed2,NA,CP124640.1,1.819,74.4365,2,NA,NA,NA,2,NA
Pseudomonas aeruginosa,Bacteria,Pseudomonadota,Gammaproteobacteria,pHPA1346-2,NA,CP137494.1,1.794,45.6522,2,NA,NA,NA,2,NA
Pseudomonas sp. DR48,Bacteria,Pseudomonadota,Gammaproteobacteria,pDR48-3,NZ_CP081949.1,CP081949,1.587,66.5406,1,NA,NA,NA,2,1
Pseudomonas aeruginosa,Bacteria,Pseudomonadota,Gammaproteobacteria,pPA52Ts32,NZ_CP059062.1,CP059062,1.584,65.7197,2,NA,NA,NA,2,NA
Pseudomonas aeruginosa,Bacteria,Pseudomonadota,Gammaproteobacteria,p1B17932,NZ_CP070472.1,CP070472,1.417,60.0565,2,NA,NA,NA,2,NA
Pseudomonas aeruginosa,Bacteria,Pseudomonadota,Gammaproteobacteria,p2B17416,NZ_CP070469.1,CP070469,1.417,60.0565,2,NA,NA,NA,2,NA
Pseudomonas sp. DR48,Bacteria,Pseudomonadota,Gammaproteobacteria,pDR48-4,NZ_CP081950.1,CP081950,1.416,54.5904,NA,1,NA,NA,1,NA
Pseudomonas luteola,Bacteria,Pseudomonadota,Gammaproteobacteria,unnamed3,NZ_CP044088.1,CP044088,1.41,47.0922,NA,NA,NA,NA,2,2
Pseudomonas aeruginosa,Bacteria,Pseudomonadota,Gammaproteobacteria,p2B17932,NZ_CP070473.1,CP070473,1.399,65.4039,2,NA,NA,NA,2,NA
Pseudomonas aeruginosa,Bacteria,Pseudomonadota,Gammaproteobacteria,p3B17416,NZ_CP070470.1,CP070470,1.399,65.4039,2,NA,NA,NA,2,NA
Pseudomonas aeruginosa,Bacteria,Pseudomonadota,Gammaproteobacteria,pPA52Ts1,NZ_CP051767.1,CP051767,1.386,65.368,1,NA,NA,NA,1,NA
Pseudomonas aeruginosa,Bacteria,Pseudomonadota,Gammaproteobacteria,pPA52Ts2,NZ_CP051769.1,CP051769,1.386,65.368,1,NA,NA,NA,1,NA
Pseudomonas aeruginosa,Bacteria,Pseudomonadota,Gammaproteobacteria,pPA52Ts17,NZ_CP051771.1,CP051771,1.386,65.368,1,NA,NA,NA,1,NA
Pseudomonas aeruginosa,Bacteria,Pseudomonadota,Gammaproteobacteria,unnamed2,NZ_CP027176.1,CP027176,1.35,48,NA,NA,NA,NA,NA,NA
Pseudomonas aeruginosa,Bacteria,Pseudomonadota,Gammaproteobacteria,unnamed3,NA,CP124629.1,1.303,53.0315,2,NA,NA,NA,3,NA
Pseudomonas aeruginosa,Bacteria,Pseudomonadota,Gammaproteobacteria,unnamed1,NA,CP124647.1,1.297,72.0123,1,NA,NA,NA,2,NA
Pseudomonas aeruginosa,Bacteria,Pseudomonadota,Gammaproteobacteria,unnamed1,NZ_CP033772.1,CP033772,1.249,51.7214,2,NA,NA,NA,3,1
Pseudomonas aeruginosa,Bacteria,Pseudomonadota,Gammaproteobacteria,unnamed1,NZ_CP029095.1,CP029095,1.129,54.3844,3,NA,NA,NA,3,NA
Pseudomonas aeruginosa,Bacteria,Pseudomonadota,Gammaproteobacteria,unnamed2,NZ_CP033773.1,CP033773,1.089,46.3728,1,NA,NA,NA,1,NA
Pseudomonas aeruginosa,Bacteria,Pseudomonadota,Gammaproteobacteria,unnamed4,NA,CP124636.1,0.77,71.9481,1,NA,NA,NA,1,NA
Pseudomonas aeruginosa,Bacteria,Pseudomonadota,Gammaproteobacteria,unnamed4,NA,CP124630.1,0.77,71.8182,1,NA,NA,NA,1,NA
