#Organism/Name,Kingdom,Group,SubGroup,Size (Mb),Chrs,Organelles,Plasmids,BioProjects
Beluga whale coronavirus SW1,Viruses,Other,Coronaviridae,0.031775,1,NA,NA,3
Bottlenose dolphin coronavirus,Viruses,Other,Coronaviridae,0.031728,1,NA,NA,1
Bat Hp-betacoronavirus/Zhejiang2013,Viruses,Other,Coronaviridae,0.031491,1,NA,NA,1
Murine coronavirus,Viruses,Other,Coronaviridae,0.031473,1,NA,NA,18
Rodent coronavirus,Viruses,Other,Coronaviridae,0.031393,1,NA,NA,1
Betacoronavirus 1,Viruses,Other,Coronaviridae,0.031383,1,NA,NA,31
Apodemus peninsulae coronavirus,Viruses,Other,Coronaviridae,0.03127,1,NA,NA,1
Betacoronavirus HKU24,Viruses,Other,Coronaviridae,0.031249,1,NA,NA,1
Rabbit coronavirus HKU14,Viruses,Other,Coronaviridae,0.0311,1,NA,NA,1
Mouse coronavirus,Viruses,Other,Coronaviridae,0.031053,1,NA,NA,1
Camel coronavirus HKU23,Viruses,Other,Coronaviridae,0.031041,1,NA,NA,1
Tapir coronavirus 1044512-1,Viruses,Other,Coronaviridae,0.031016,1,NA,NA,1
Bovine respiratory coronavirus AH187,Viruses,Other,Coronaviridae,0.030969,1,NA,NA,1
Equine coronavirus CH21,Viruses,Other,Coronaviridae,0.030965,1,NA,NA,1
Bovine respiratory coronavirus bovine/US/OH-440-TC/1996,Viruses,Other,Coronaviridae,0.030953,1,NA,NA,1
Human enteric coronavirus strain 4408,Viruses,Other,Coronaviridae,0.030953,1,NA,NA,1
Betacoronavirus Erinaceus,Viruses,Other,Coronaviridae,0.030885,1,NA,NA,1
Pipistrellus abramus bat coronavirus HKU5-related,Viruses,Other,Coronaviridae,0.030511,1,NA,NA,1
Coronavirus cya-BetaCoV/2019,Viruses,Other,Coronaviridae,0.030499,1,NA,NA,1
Coronavirus cyb-BetaCoV/2019,Viruses,Other,Coronaviridae,0.030499,1,NA,NA,1
Coronavirus cyc-BetaCoV/2019,Viruses,Other,Coronaviridae,0.030499,1,NA,NA,1
Hypsugo bat coronavirus HKU25,Viruses,Other,Coronaviridae,0.030498,1,NA,NA,1
Pipistrellus bat coronavirus HKU5,Viruses,Other,Coronaviridae,0.030488,1,NA,NA,4
Wenzhou Pipistrellus abramus betacoronavirus 1,Viruses,Other,Coronaviridae,0.030429,1,NA,NA,1
Tylonycteris bat coronavirus HKU4,Viruses,Other,Coronaviridae,0.030316,1,NA,NA,4
Bat coronavirus (BtCoV/133/2005),Viruses,Other,Coronaviridae,0.030307,1,NA,NA,1
SARS-like coronavirus WIV16,Viruses,Other,Coronaviridae,0.03029,1,NA,NA,1
Hipposideros bat coronavirus,Viruses,Other,Coronaviridae,0.030268,1,NA,NA,1
Coronavirus BtRs-BetaCoV/YN2018B,Viruses,Other,Coronaviridae,0.030256,1,NA,NA,1
Tylonycteris pachypus bat coronavirus HKU4-related,Viruses,Other,Coronaviridae,0.030224,1,NA,NA,1
Coronavirus BtRs-BetaCoV/YN2018D,Viruses,Other,Coronaviridae,0.030213,1,NA,NA,1
Betacoronavirus Erinaceus/VMC/DEU/2012,Viruses,Other,Coronaviridae,0.030175,1,NA,NA,2
Hedgehog coronavirus 1,Viruses,Other,Coronaviridae,0.030172,1,NA,NA,1
Rousettus bat coronavirus GCCDC1,Viruses,Other,Coronaviridae,0.030162,1,NA,NA,1
Rousettus bat coronavirus,Viruses,Other,Coronaviridae,0.030161,1,NA,NA,1
Macroglossus bat coronavirus,Viruses,Other,Coronaviridae,0.030136,1,NA,NA,1
Middle East respiratory syndrome-related coronavirus,Viruses,Other,Coronaviridae,0.030119,1,NA,NA,6
Alphacoronavirus 1,Viruses,Other,Coronaviridae,0.030004,1,NA,NA,39
Erinaceus hedgehog coronavirus HKU31,Viruses,Other,Coronaviridae,0.029951,1,NA,NA,1
Human coronavirus HKU1,Viruses,Other,Coronaviridae,0.029926,1,NA,NA,1
Severe acute respiratory syndrome coronavirus 2,Viruses,Other,Coronaviridae,0.029903,1,NA,NA,92
Bat coronavirus RacCS203,Viruses,Other,Coronaviridae,0.029832,1,NA,NA,1
Pangolin coronavirus,Viruses,Other,Coronaviridae,0.029806,1,NA,NA,1
Coronavirus BtRt-BetaCoV/GX2018,Viruses,Other,Coronaviridae,0.029752,1,NA,NA,1
Severe acute respiratory syndrome-related coronavirus,Viruses,Other,Coronaviridae,0.029751,1,NA,NA,162
Cynopterus bat coronavirus,Viruses,Other,Coronaviridae,0.029725,1,NA,NA,1
Coronavirus BtRs-BetaCoV/YN2018A,Viruses,Other,Coronaviridae,0.029698,1,NA,NA,1
Coronavirus BtRs-BetaCoV/YN2018C,Viruses,Other,Coronaviridae,0.029689,1,NA,NA,1
Coronavirus BtRl-BetaCoV/SC2018,Viruses,Other,Coronaviridae,0.029648,1,NA,NA,1
Bat coronavirus,Viruses,Other,Coronaviridae,0.029642,1,NA,NA,2
Jingmen Rhinolophus sinicus betacoronavirus 1,Viruses,Other,Coronaviridae,0.029627,1,NA,NA,1
Bat betacoronavirus,Viruses,Other,Coronaviridae,0.029622,1,NA,NA,1
Raccoon dog acute diarrhea syndrome coronavirus,Viruses,Other,Coronaviridae,0.029342,1,NA,NA,1
Bat coronavirus BM48-31/BGR/2008,Viruses,Other,Coronaviridae,0.029276,1,NA,NA,1
Bat SARS-like coronavirus Khosta-2,Viruses,Other,Coronaviridae,0.02922,1,NA,NA,1
Rhinolophus bat coronavirus HKU32,Viruses,Other,Coronaviridae,0.029201,1,NA,NA,1
Rousettus bat coronavirus HKU9,Viruses,Other,Coronaviridae,0.029155,1,NA,NA,8
Feline alphacoronavirus 1,Viruses,Other,Coronaviridae,0.029137,1,NA,NA,1
Coronavirus BtRs-AlphaCoV/YN2018,Viruses,Other,Coronaviridae,0.029109,1,NA,NA,1
Bat alphacoronavirus,Viruses,Other,Coronaviridae,0.029097,1,NA,NA,2
Mink coronavirus 1,Viruses,Other,Coronaviridae,0.028941,1,NA,NA,2
Alphacoronavirus Mink/China/1/2016,Viruses,Other,Coronaviridae,0.028924,1,NA,NA,1
Mink coronavirus strain WD1133,Viruses,Other,Coronaviridae,0.028915,1,NA,NA,1
Bat SARS-like coronavirus Khosta-1,Viruses,Other,Coronaviridae,0.028878,1,NA,NA,1
Tadarida brasiliensis bat alphacoronavirus 1,Viruses,Other,Coronaviridae,0.028844,1,NA,NA,1
Tadarida brasiliensis bat alphacoronavirus 2,Viruses,Other,Coronaviridae,0.02879,1,NA,NA,1
Miniopterus bat coronavirus HKU8,Viruses,Other,Coronaviridae,0.028773,1,NA,NA,1
Lucheng Rn rat coronavirus,Viruses,Other,Coronaviridae,0.028763,1,NA,NA,1
Alphacoronavirus HCQD-2020,Viruses,Other,Coronaviridae,0.028761,1,NA,NA,1
Miniopterus pusillus bat coronavirus HKU8-related,Viruses,Other,Coronaviridae,0.028751,1,NA,NA,1
NL63-related bat coronavirus,Viruses,Other,Coronaviridae,0.028679,1,NA,NA,2
Longquan Berylmys bowersi alphacoronavirus 1,Viruses,Other,Coronaviridae,0.02866,1,NA,NA,1
Ferret coronavirus,Viruses,Other,Coronaviridae,0.02855,1,NA,NA,4
Canada goose coronavirus,Viruses,Other,Coronaviridae,0.028539,1,NA,NA,1
Hipposideros pomona bat coronavirus HKU10-related,Viruses,Other,Coronaviridae,0.028514,1,NA,NA,1
Rousettus bat coronavirus HKU10,Viruses,Other,Coronaviridae,0.028494,1,NA,NA,1
Bat coronavirus HKU10,Viruses,Other,Coronaviridae,0.028492,1,NA,NA,1
Bat coronavirus 1B,Viruses,Other,Coronaviridae,0.028476,1,NA,NA,1
Anser fabalis coronavirus NCN2,Viruses,Other,Coronaviridae,0.028466,1,NA,NA,1
Bat coronavirus 1A,Viruses,Other,Coronaviridae,0.028326,1,NA,NA,1
Myotis bat coronavirus,Viruses,Other,Coronaviridae,0.02832,1,NA,NA,1
Miniopterus schreibersii bat coronavirus 1-related,Viruses,Other,Coronaviridae,0.028316,1,NA,NA,1
plateatu pika coronavirus P83,Viruses,Other,Coronaviridae,0.028312,1,NA,NA,1
Coronavirus BtSk-AlphaCoV/GX2018A,Viruses,Other,Coronaviridae,0.028303,1,NA,NA,1
Coronavirus BtSk-AlphaCoV/GX2018D,Viruses,Other,Coronaviridae,0.028238,1,NA,NA,1
Scotophilus bat coronavirus 512,Viruses,Other,Coronaviridae,0.028203,1,NA,NA,1
Coronavirus BtSk-AlphaCoV/GX2018B,Viruses,Other,Coronaviridae,0.028175,1,NA,NA,1
Bat coronavirus CDPHE15,Viruses,Other,Coronaviridae,0.028173,1,NA,NA,1
Hipposideros pomona bat coronavirus CHB25,Viruses,Other,Coronaviridae,0.028169,1,NA,NA,1
Alphacoronavirus Bat-CoV/P.kuhlii/Italy/206679-3/2010,Viruses,Other,Coronaviridae,0.028146,1,NA,NA,1
Coronavirus BtSk-AlphaCoV/GX2018C,Viruses,Other,Coronaviridae,0.028146,1,NA,NA,1
Alphacoronavirus Bat-CoV/P.kuhlii/Italy/3398-19/2015,Viruses,Other,Coronaviridae,0.028128,1,NA,NA,1
Swine enteric coronavirus,Viruses,Other,Coronaviridae,0.028111,1,NA,NA,2
Jingmen Miniopterus schreibersii alphacoronavirus 2,Viruses,Other,Coronaviridae,0.028074000000000002,1,NA,NA,1
Jingmen Miniopterus schreibersii alphacoronavirus 1,Viruses,Other,Coronaviridae,0.028041,1,NA,NA,1
Bat coronavirus CDPHE15/USA/2006,Viruses,Other,Coronaviridae,0.028035,1,NA,NA,1
Scotophilus kuhlii bat coronavirus 512-related,Viruses,Other,Coronaviridae,0.027933,1,NA,NA,1
Jingmen Myotis chinensis alphacoronavirus 1,Viruses,Other,Coronaviridae,0.027914,1,NA,NA,1
Alphacoronavirus Bat-CoV/P.kuhlii/Italy/206645-41/2011,Viruses,Other,Coronaviridae,0.027862,1,NA,NA,1
Avian coronavirus,Viruses,Other,Coronaviridae,0.027854,1,NA,NA,13
Human coronavirus 229E,Viruses,Other,Coronaviridae,0.027837,1,NA,NA,5
Yunnan coronavirus 3,Viruses,Other,Coronaviridae,0.027687,1,NA,NA,1
Coronavirus AcCoV-JC34,Viruses,Other,Coronaviridae,0.027682,1,NA,NA,1
Fievel mouse coronavirus,Viruses,Other,Coronaviridae,0.027663,1,NA,NA,1
Tylonycteris bat coronavirus HKU33,Viruses,Other,Coronaviridae,0.027636,1,NA,NA,1
Rousettus aegyptiacus bat coronavirus 229E-related,Viruses,Other,Coronaviridae,0.027619,1,NA,NA,1
Alphacoronavirus BtMs-AlphaCoV/GS2013,Viruses,Other,Coronaviridae,0.027576,1,NA,NA,1
Human coronavirus NL63,Viruses,Other,Coronaviridae,0.027555,1,NA,NA,2
Camel alphacoronavirus,Viruses,Other,Coronaviridae,0.027395,1,NA,NA,1
Jingmen Apodemus agrarius alphacoronavirus 1,Viruses,Other,Coronaviridae,0.027382,1,NA,NA,1
Megaderma bat coronavirus,Viruses,Other,Coronaviridae,0.027296,1,NA,NA,1
Swine acute diarrhea syndrome coronavirus,Viruses,Other,Coronaviridae,0.027271,1,NA,NA,1
Swine acute diarrhea syndrome related coronavirus,Viruses,Other,Coronaviridae,0.0272,1,NA,NA,1
Rhinolophus bat coronavirus HKU2,Viruses,Other,Coronaviridae,0.027183,1,NA,NA,3
Swine enteric alphacoronavirus,Viruses,Other,Coronaviridae,0.027155,1,NA,NA,1
Shrew coronavirus,Viruses,Other,Coronaviridae,0.027102,1,NA,NA,1
Rhinolophus affinis bat coronavirus HKU2-related,Viruses,Other,Coronaviridae,0.026956,1,NA,NA,1
Magpie-robin coronavirus HKU18,Viruses,Other,Coronaviridae,0.026689,1,NA,NA,1
Munia coronavirus HKU13,Viruses,Other,Coronaviridae,0.026552,1,NA,NA,1
Bulbul coronavirus HKU11,Viruses,Other,Coronaviridae,0.026487,1,NA,NA,2
Thrush coronavirus HKU12-600,Viruses,Other,Coronaviridae,0.026396,1,NA,NA,1
Deltacoronavirus HNU1-1,Viruses,Other,Coronaviridae,0.026289,1,NA,NA,1
Deltacoronavirus HNU1-2,Viruses,Other,Coronaviridae,0.026289,1,NA,NA,1
Deltacoronavirus HNU2,Viruses,Other,Coronaviridae,0.02624,1,NA,NA,1
Wigeon coronavirus HKU20,Viruses,Other,Coronaviridae,0.026227,1,NA,NA,1
Common moorhen coronavirus HKU21,Viruses,Other,Coronaviridae,0.026223,1,NA,NA,1
Deltacoronavirus HNU3,Viruses,Other,Coronaviridae,0.026208,1,NA,NA,1
Falcon coronavirus UAE-HKU27,Viruses,Other,Coronaviridae,0.026162,1,NA,NA,1
Houbara coronavirus UAE-HKU28,Viruses,Other,Coronaviridae,0.026155,1,NA,NA,1
Pigeon coronavirus UAE-HKU29,Viruses,Other,Coronaviridae,0.026155,1,NA,NA,1
Sparrow coronavirus HKU17,Viruses,Other,Coronaviridae,0.026083,1,NA,NA,1
Night heron coronavirus HKU19,Viruses,Other,Coronaviridae,0.026077,1,NA,NA,1
White-eye coronavirus HKU16,Viruses,Other,Coronaviridae,0.026041,1,NA,NA,1
Wencheng Sm shrew coronavirus,Viruses,Other,Coronaviridae,0.025995,1,NA,NA,2
Wenzhou Suncus murinus alphacoronavirus 1,Viruses,Other,Coronaviridae,0.02594,1,NA,NA,1
Quail deltacoronavirus,Viruses,Other,Coronaviridae,0.025881,1,NA,NA,1
Quail coronavirus UAE-HKU30,Viruses,Other,Coronaviridae,0.025874,1,NA,NA,1
Sparrow deltacoronavirus,Viruses,Other,Coronaviridae,0.025796,1,NA,NA,1
Porcine coronavirus HKU15,Viruses,Other,Coronaviridae,0.025689,1,NA,NA,11
Coronavirus HKU15,Viruses,Other,Coronaviridae,0.025422,1,NA,NA,1
unidentified human coronavirus,Viruses,Other,Coronaviridae,0.004068,1,NA,NA,1
