#Organism/Name,TaxID,BioProject Accession,BioProject ID,Group,SubGroup,Size (Mb),GC%,Assembly Accession,Replicons,WGS,Scaffolds,Genes,Proteins,Release Date,Modify Date,Status,Center,BioSample Accession
Tetrahymena thermophila,5911,PRJNA565159,565159,Protists,Other Protists,199.687,22.3741,GCA_016584475.1,chromosome 1:CM028431.1; chromosome 2:CM028432.1; chromosome 3:CM028433.1; chromosome 4:CM028434.1; chromosome 5:CM028435.1,VXIR01,23,NA,NA,2021/01/08,2021/01/19,Chromosome,J. Craig Venter Institute,SAMN12736122
Tetrahymena thermophila SB210,312017,PRJNA51571,51571,Protists,Other Protists,157.693,23.7,GCA_000261185.1,NA,AFSS02,1464,47,48,2011/10/24,2016/07/15,Scaffold,Broad Institute,SAMN02953797
Tetrahymena malaccensis 436,1075772,PRJNA51577,51577,Protists,Other Protists,106.672,23.2,GCA_000231845.2,NA,AFXY02,554,NA,NA,2011/10/24,2014/08/06,Scaffold,Broad Institute,SAMN02953799
Tetrahymena thermophila SB210,312017,PRJNA12564,12564,Protists,Other Protists,103.014,22.3,GCA_000189635.1,macronuclear:AAGF00000000.3,AAGF03,1158,53992,53992,2005/02/14,2014/08/06,Scaffold,TIGR,SAMN02953617
Paramecium sonneborni,65129,PRJEB41876,738430,Protists,Other Protists,98.0564,22,GCA_905182985.1,NA,CAJJDN01,572,49755,49755,2021/06/18,2021/06/18,Scaffold,Genoscope CEA,SAMEA7767318
Tetrahymena borealis,5893,PRJNA51575,51575,Protists,Other Protists,93.5061,24.3,GCA_000260095.1,NA,AHAN01,325,NA,NA,2012/04/27,2013/11/01,Scaffold,Broad Institute,SAMN00727833
Tetrahymena elliotti 4EA,1075773,PRJNA51573,51573,Protists,Other Protists,90.8376,23.5,GCA_000231825.2,NA,AFXF02,331,NA,NA,2011/10/24,2014/08/06,Scaffold,Broad Institute,SAMN02953798
Paramecium pentaurelia,43138,PRJEB41878,738432,Protists,Other Protists,87.2955,22.6,GCA_905183005.1,NA,CAJJDO01,310,41578,41578,2021/06/18,2021/06/18,Scaffold,Genoscope CEA,SAMEA7767320
Paramecium octaurelia,43137,PRJEB41874,738429,Protists,Other Protists,86.4396,27,GCA_905182995.1,NA,CAJJDP01,378,42611,42611,2021/06/18,2021/06/18,Scaffold,Genoscope CEA,SAMEA7767317
Paramecium primaurelia,5886,PRJEB41877,738431,Protists,Other Protists,86.3295,22,GCA_905182975.1,NA,CAJJDM01,436,38668,38668,2021/06/18,2021/06/18,Scaffold,Genoscope CEA,SAMEA7767319
Paramecium biaurelia,65126,PRJNA252371,252371,Protists,Other Protists,76.9631,26.3,GCA_000733385.1,NA,JPFL01,2346,NA,NA,2014/07/25,2014/07/25,Scaffold,Indiana University,SAMN02849567
Paramecium tetraurelia,5888,PRJNA18363,18363,Protists,Other Protists,72.0945,28.2,GCA_000165425.1,NA,CAAL01,697,39581,39580,2006/10/30,2011/07/05,Scaffold,Genoscope,SAMEA3138302
Paramecium sexaurelia,65128,PRJNA252373,252373,Protists,Other Protists,68.0166,24.4,GCA_000733375.1,NA,JPFM01,543,NA,NA,2014/07/25,2014/07/25,Scaffold,Indiana University,SAMN02849568
Paramecium caudatum,5885,PRJNA246569,246569,Protists,Other Protists,30.4809,28.6,GCA_000715435.1,NA,JMSD01,777,NA,NA,2014/06/30,2014/08/21,Scaffold,Indiana University,SAMN02768576
Paramecium bursaria,74790,PRJNA556774,556774,Protists,Other Protists,26.8267,28.8,GCA_016807985.1,NA,JAEUZE01,515,NA,NA,2021/02/02,2021/02/02,Contig,Academia Sinica,SAMN12325350
Paramecium bursaria,74790,PRJNA556774,556774,Protists,Other Protists,26.8218,28.8,GCA_016808045.1,NA,JAEUZG01,515,NA,NA,2021/02/02,2021/02/02,Contig,Academia Sinica,SAMN12325351
Paramecium bursaria,74790,PRJNA695091,695091,Protists,Other Protists,26.821,28.8,GCA_016802775.1,NA,JAEUZC01,515,NA,NA,2021/02/02,2021/02/02,Contig,Academia Sinica,SAMN12325352
Paramecium bursaria,74790,PRJNA556774,556774,Protists,Other Protists,26.8203,28.8,GCA_016759055.1,NA,VMTU01,515,NA,NA,2021/01/25,2021/01/29,Contig,Academia Sinica,SAMN12325316
Paramecium bursaria,74790,PRJNA695092,695092,Protists,Other Protists,26.8197,28.8,GCA_016802755.1,NA,JAEUZB01,515,NA,NA,2021/02/02,2021/02/02,Contig,Academia Sinica,SAMN12325352
Paramecium bursaria,74790,PRJNA555640,555640,Protists,Other Protists,26.8188,28.8,GCA_016808005.1,NA,JAEUZF01,515,NA,NA,2021/02/02,2021/02/02,Contig,Academia Sinica,SAMN12325351
Paramecium bursaria,74790,PRJNA555640,555640,Protists,Other Protists,26.8187,28.8,GCA_016808065.2,NA,JAEUZD02,515,NA,NA,2021/02/02,2021/07/06,Contig,Academia Sinica,SAMN12325350
Paramecium bursaria,74790,PRJNA555640,555640,Protists,Other Protists,26.8177,28.8,GCA_016759035.1,NA,VMTT01,515,NA,NA,2021/01/25,2021/01/29,Contig,Academia Sinica,SAMN12325316
Paramecium tetraurelia strain d4-2,412030,PRJNA12726,12726,Protists,Other Protists,0.984602,27.5,GCF_000141845.1,macronuclear MN:NC_006058.1/,NA,1,465,463,2004/07/06,2010/05/03,Chromosome,Paramecium Genomics Consortium,NA
