#Organism/Name,Kingdom,Group,SubGroup,Size (Mb),Chrs,Organelles,Plasmids,BioProjects
Saccharomyces cerevisiae x Saccharomyces eubayanus x Saccharomyces kudriavzevii x Saccharomyces uvarum,Eukaryota,Fungi,Ascomycetes,30.1822,NA,NA,NA,3
Saccharomyces cerevisiae x Saccharomyces kudriavzevii x Saccharomyces uvarum,Eukaryota,Fungi,Ascomycetes,27.0778,NA,NA,NA,2
Saccharomyces cerevisiae x Saccharomyces kudriavzevii x Saccharomyces eubayanus,Eukaryota,Fungi,Ascomycetes,25.4618,NA,NA,NA,1
Saccharomyces cerevisiae x Saccharomyces eubayanus x Saccharomyces uvarum,Eukaryota,Fungi,Ascomycetes,24.6177,NA,NA,NA,2
Saccharomyces cerevisiae x Saccharomyces eubayanus,Eukaryota,Fungi,Ascomycetes,23.067,NA,NA,NA,37
Saccharomyces pastorianus,Eukaryota,Fungi,Ascomycetes,23.0346,31,1,NA,31
Saccharomyces cerevisiae x Saccharomyces uvarum,Eukaryota,Fungi,Ascomycetes,22.9659,NA,NA,NA,1
Saccharomyces sp. M14,Eukaryota,Fungi,Ascomycetes,22.7667,NA,NA,NA,1
Saccharomyces cerevisiae x Saccharomyces kudriavzevii,Eukaryota,Fungi,Ascomycetes,15.3915,NA,NA,1,9
Saccharomyces bayanus,Eukaryota,Fungi,Ascomycetes,14.542,17,1,NA,8
Saccharomyces mikatae,Eukaryota,Fungi,Ascomycetes,12.3617,15,1,NA,6
Saccharomyces cerevisiae,Eukaryota,Fungi,Ascomycetes,12.1571,20,1,1,1573
Saccharomyces paradoxus,Eukaryota,Fungi,Ascomycetes,12.0928,16,1,NA,45
Saccharomyces uvarum,Eukaryota,Fungi,Ascomycetes,12.0816,16,1,NA,37
Saccharomyces boulardii (nom. inval.),Eukaryota,Fungi,Ascomycetes,12.0011,18,NA,NA,9
Saccharomyces eubayanus x Saccharomyces uvarum,Eukaryota,Fungi,Ascomycetes,11.9474,NA,NA,NA,20
Saccharomyces jurei,Eukaryota,Fungi,Ascomycetes,11.9388,17,1,NA,1
Saccharomyces kudriavzevii,Eukaryota,Fungi,Ascomycetes,11.8514,16,1,NA,27
Saccharomyces eubayanus,Eukaryota,Fungi,Ascomycetes,11.7342,16,1,1,12
Saccharomyces arboricola,Eukaryota,Fungi,Ascomycetes,11.6195,16,1,NA,2
Escherichia coli,Bacteria,Pseudomonadota,Gammaproteobacteria,5.5946,3,NA,18,39907
Escherichia coli O157 typing phage 3,Viruses,Other,Straboviridae,0.168733,1,NA,NA,1
Escherichia coli phage phiS,Viruses,Other,Straboviridae,0.168209,1,NA,NA,1
Escherichia coli O157 typing phage 7,Viruses,Other,Straboviridae,0.167747,1,NA,NA,1
Escherichia coli O157 typing phage 13,Viruses,Other,Straboviridae,0.162417,1,NA,NA,1
Escherichia coli O157 typing phage 6,Viruses,Other,Straboviridae,0.16057,1,NA,NA,1
Escherichia coli O157 typing phage 4,Viruses,Other,Other,0.141707,1,NA,NA,1
Escherichia coli O157 typing phage 5,Viruses,Other,Other,0.137973,1,NA,NA,1
Escherichia coli O157 typing phage 14,Viruses,Other,Other,0.131952,1,NA,NA,1
Escherichia coli phage vB_EcoS_Ace,Viruses,Other,Demerecviridae,0.112791,1,NA,NA,1
Escherichia coli phage Shin27,Viruses,Other,Demerecviridae,0.112034,1,NA,NA,1
Escherichia coli phage Wa28,Viruses,Other,Demerecviridae,0.111049,1,NA,NA,1
Escherichia coli phage KS_S14,Viruses,Other,Demerecviridae,0.109808,1,NA,NA,1
Escherichia coli phage NG_S8,Viruses,Other,Demerecviridae,0.108459,1,NA,NA,1
Escherichia coli phage AZ23,Viruses,Other,Demerecviridae,0.104075,1,NA,NA,1
Escherichia coli phage AZ21,Viruses,Other,Demerecviridae,0.102235,1,NA,NA,1
Escherichia coli phage NG_A1,Viruses,Other,Demerecviridae,0.10195,1,NA,NA,1
Escherichia coli O157 typing phage 15,Viruses,Other,Other,0.092632,1,NA,NA,1
Escherichia coli O157 typing phage 8,Viruses,Other,Other,0.088998,1,NA,NA,1
Escherichia coli O157 typing phage 11,Viruses,Other,Other,0.088771,1,NA,NA,1
Escherichia coli phage vB_EcoM_Shy,Viruses,Other,Other,0.08876,1,NA,NA,1
Escherichia coli O157 typing phage 12,Viruses,Other,Other,0.088632,1,NA,NA,1
Escherichia coli O157 typing phage 9,Viruses,Other,Other,0.043991,1,NA,NA,1
Escherichia coli O157 typing phage 10,Viruses,Other,Other,0.039234,1,NA,NA,1
Saccharomyces cerevisiae virus L-BC (La),Viruses,Other,Totiviridae,0.004615,1,NA,NA,2
Saccharomyces cerevisiae virus L-BC-lus,Viruses,Other,Totiviridae,0.004614,1,NA,NA,1
Saccharomyces cerevisiae virus L-A,Viruses,Other,Totiviridae,0.004584,1,NA,NA,2
Saccharomyces kudriavzevii virus L-A1,Viruses,Other,Totiviridae,0.00458,1,NA,NA,1
Saccharomyces paradoxus virus L-A-66,Viruses,Other,Totiviridae,0.00458,1,NA,NA,1
Saccharomyces 23S RNA narnavirus,Viruses,Other,Narnaviridae,0.002891,1,NA,NA,1
Saccharomyces 20S RNA narnavirus,Viruses,Other,Narnaviridae,0.002514,1,NA,NA,1
Saccharomyces cerevisiae killer virus M1,Viruses,dsRNA viruses,unclassified,0.001801,1,NA,NA,1
Saccharomyces paradoxus L-A virus M66 satellite,Viruses,Satellites,unclassified,0.001553,1,NA,NA,1
