#Organism/Name,TaxID,BioProject Accession,BioProject ID,Group,SubGroup,Size (Kb),GC%,Host,Segmemts,Genes,Proteins,Release Date,Modify Date,Status
dengue virus type 1,11053,PRJNA31235,31235,Other,Flaviviridae,11.195,46.9,"human,invertebrates,vertebrates",JQ287663.1,NA,1,2012/01/12,2012/01/17,Complete Genome
Zika virus,64320,,0,Other,Flaviviridae,11.155,51.3,"human,invertebrates,vertebrates",KY766069.1,NA,1,2017/03/24,2017/12/14,Complete Genome
dengue virus type 3,11069,PRJNA31235,31235,Other,Flaviviridae,10.81,46.4,"human,invertebrates,vertebrates",KF955462.1,NA,1,2014/01/14,2014/01/19,Complete Genome
Zika virus,64320,,0,Other,Flaviviridae,10.808,51.3,"human,invertebrates,vertebrates", Unknown:NC_035889.1/KU527068.1,1,1,2016/01/26,2019/05/24,Complete Genome
Zika virus,64320,,0,Other,Flaviviridae,10.807,51.3,"human,invertebrates,vertebrates",KJ776791.2,NA,1,2014/05/12,2016/08/31,Complete Genome
Zika virus,64320,,0,Other,Flaviviridae,10.807,51.3,"human,invertebrates,vertebrates",KX377337.1,NA,1,2016/06/16,2016/06/22,Complete Genome
Zika virus,64320,,0,Other,Flaviviridae,10.794,50.9,"human,invertebrates,vertebrates", Unknown:NC_012532.1/AY632535.2,1,1,2005/10/30,2019/08/01,Complete Genome
dengue virus type 4,11070,,0,Other,Flaviviridae,10.772,47.3,"human,invertebrates,vertebrates",MG601754.1,NA,1,2018/02/09,2018/02/14,Complete Genome
dengue virus type 1,11053,,0,Other,Flaviviridae,10.735,46.7,"human,invertebrates,vertebrates", Unknown:NC_001477.1/U88536.1,1,1,1997/02/28,2019/05/03,Complete Genome
Dengue virus,12637,,0,Other,Flaviviridae,10.735,46.5,"human,invertebrates,vertebrates",KP772252.1,NA,1,2015/04/16,2015/04/21,Complete Genome
dengue virus type 2,11060,,0,Other,Flaviviridae,10.723,45.8,"human,invertebrates,vertebrates", Unknown:NC_001474.2/U87411.1,1,1,1993/08/02,2019/07/11,Complete Genome
dengue virus type 3,11069,,0,Other,Flaviviridae,10.707,46.7,"human,invertebrates,vertebrates", Unknown:NC_001475.2/AY099336.1,1,1,1993/08/02,2019/07/11,Complete Genome
dengue virus type 3,11069,,0,Other,Flaviviridae,10.696,46.6,"human,invertebrates,vertebrates",M93130.1,NA,1,1993/08/02,1996/05/13,Complete Genome
dengue virus type 4,11070,,0,Other,Flaviviridae,10.649,47.1,"human,invertebrates,vertebrates", Unknown:NC_002640.1/AF326825.1,1,1,2001/01/03,2019/07/11,Complete Genome
dengue virus type 4,11070,,0,Other,Flaviviridae,10.649,47,"human,invertebrates,vertebrates",AF326573.1,NA,1,2001/02/05,2004/02/12,Complete Genome
