#Organism/Name,Kingdom,Group,SubGroup,Plasmid Name,RefSeq,INSDC,Size (Kb),GC%,Protein,rRNA,tRNA,Other RNA,Gene,Pseudogene
Wolbachia endosymbiont of Aedes albopictus,Bacteria,Pseudomonadota,Alphaproteobacteria,pWALBA1,NZ_CP101658.1,CP101658,18.803,36.2336,19,NA,NA,NA,19,NA
Wolbachia endosymbiont of Aedes albopictus,Bacteria,Pseudomonadota,Alphaproteobacteria,pWALBA2,NZ_CP101659.1,CP101659,16.844,34.7958,13,NA,NA,NA,14,NA
Wolbachia endosymbiont of Corcyra cephalonica,Bacteria,Pseudomonadota,Alphaproteobacteria,unnamed1,NZ_CP087955.1,CP087955,16.648,24.081,4,NA,NA,NA,6,2
Wolbachia endosymbiont of Corcyra cephalonica,Bacteria,Pseudomonadota,Alphaproteobacteria,unnamed3,NZ_CP087956.1,CP087956,5.332,46.2678,4,NA,NA,NA,4,NA
