#Organism/Name,Kingdom,Group,SubGroup,Size (Mb),Chrs,Organelles,Plasmids,BioProjects
Saccharomyces pastorianus,Eukaryota,Fungi,Ascomycetes,23.0346,31,1,NA,31
Saccharomyces sp. M14,Eukaryota,Fungi,Ascomycetes,22.7667,NA,NA,NA,1
Saccharomyces bayanus,Eukaryota,Fungi,Ascomycetes,14.542,17,1,NA,8
Saccharomyces mikatae,Eukaryota,Fungi,Ascomycetes,12.3617,15,1,NA,6
Saccharomyces cerevisiae,Eukaryota,Fungi,Ascomycetes,12.1571,20,1,1,1542
Saccharomyces paradoxus,Eukaryota,Fungi,Ascomycetes,12.0928,16,1,NA,45
Saccharomyces uvarum,Eukaryota,Fungi,Ascomycetes,12.0816,16,1,NA,37
Saccharomyces boulardii (nom. inval.),Eukaryota,Fungi,Ascomycetes,12.0011,18,NA,NA,9
Saccharomyces jurei,Eukaryota,Fungi,Ascomycetes,11.9388,17,1,NA,1
Saccharomyces kudriavzevii,Eukaryota,Fungi,Ascomycetes,11.8514,16,1,NA,27
Saccharomyces eubayanus,Eukaryota,Fungi,Ascomycetes,11.7342,16,1,1,12
Saccharomyces arboricola,Eukaryota,Fungi,Ascomycetes,11.6195,16,1,NA,2
Escherichia coli,Bacteria,Pseudomonadota,Gammaproteobacteria,5.5946,3,NA,18,38580
