#Organism/Name,TaxID,BioProject Accession,BioProject ID,Group,SubGroup,Size (Mb),GC%,Assembly Accession,Replicons,WGS,Scaffolds,Genes,Proteins,Release Date,Modify Date,Status,Center,BioSample Accession
Chironomus tentans,7153,PRJEB1888,266396,Animals,Insects,213.463,33.8,GCA_000786525.1,NA,CBTT01,26025,NA,NA,2014/11/04,2015/01/30,Scaffold,Science for Life Laboratory Stockholm,SAMEA3158483
Chironomus riparius,315576,PRJEB47883,849090,Animals,Insects,191.837,30.7275,GCA_917627325.4,chromosome 1:OU895877.1; chromosome 2:OU895878.1; chromosome 3:OU895879.1; chromosome 4:OU895880.1,CAKJTK04,14,15185,16522,2022/06/14,2022/10/18,Chromosome,ROTHAMSTED RESEARCH,SAMEA10256955
Chironomus tentans,7153,PRJEB67691,1030879,Animals,Insects,187.468,30.9,GCA_963573265.1,NA,CAUYJI01,158,NA,NA,2023/10/27,2023/10/28,Contig,WELLCOME SANGER INSTITUTE,SAMEA10107053
Chironomus tentans,7153,PRJEB67690,1030878,Animals,Insects,185.489,30.9201,GCA_963573255.1,chromosome 1:OY754302.1; chromosome 2:OY754303.1; chromosome 3:OY754304.1; chromosome 4:OY754305.1; mitochondrion MT:OY754306.1,CAUYRA01,9,NA,NA,2023/10/27,2023/10/28,Chromosome,WELLCOME SANGER INSTITUTE,SAMEA10107053
Chironomus riparius,315576,PRJEB15223,384728,Animals,Insects,180.652,33.7,GCA_900149345.1,NA,FWDL01,5292,NA,NA,2017/04/29,2017/04/29,Scaffold,"Institute of Molecular Genetic, University of Mainz",SAMEA26924668
Chironomus riparius,315576,PRJEB27753,690283,Animals,Insects,178.168,31.1,GCA_902825295.1,NA,CADEAO01,752,NA,NA,2021/01/25,2021/01/25,Scaffold,"Institute of Molecular Genetic, University of Mainz",SAMEA4786369
Chironomus riparius,315576,PRJNA268391,268391,Animals,Insects,154.534,30.4,GCA_001014505.1,NA,JXPV01,29677,NA,NA,2015/05/28,2015/05/28,Scaffold,UC Berkeley,SAMN03284762
Chironomidae sp.,2827493,PRJNA781406,781406,Animals,Insects,50.7538,35.7,GCA_023345965.1,NA,JAJQQL01,4272,NA,NA,2022/05/12,2022/05/12,Contig,EPFL,SAMN22036297
Chironomidae sp.,2827493,PRJNA781406,781406,Animals,Insects,32.0454,48.7,GCA_023347075.1,NA,JAJQPI01,12782,NA,NA,2022/05/12,2022/05/12,Contig,EPFL,SAMN22036268
Chironomidae sp.,2827493,PRJNA781406,781406,Animals,Insects,27.5989,36.1,GCA_023346635.1,NA,JAJQPV01,9841,NA,NA,2022/05/12,2022/05/12,Contig,EPFL,SAMN22036281
Chironomidae sp.,2827493,PRJNA781406,781406,Animals,Insects,25.4807,34.5,GCA_023347015.1,NA,JAJQPM01,4517,NA,NA,2022/05/12,2022/05/12,Contig,EPFL,SAMN22036272
